[02:12:58] [main/INFO]: Loading Minecraft 1.21.1 with Fabric Loader 0.18.4
[02:12:58] [ForkJoinPool-1-worker-1/WARN]: The mod "dungeons_arise" contains invalid entries in its mod json:
- Unsupported root entry "credits" at line 12 column 11
[02:12:58] [ForkJoinPool-1-worker-4/WARN]: The mod "takesapillage" contains invalid entries in its mod json:
- Unsupported root entry "mc-publish" at line 51 column 17
[02:12:59] [main/INFO]: Loading 328 mods:
	- accessories 1.1.0-beta.53+1.21.1
	- advancednetherite 2.3.1-1.21.1
	- amendments 1.21-2.0.15
	- ancientstructures 0.1.1
	- animal_feeding_trough 1.1.2+1.21.1
	- ante 1.2.1
	- architectury 13.0.8
	- armoroftheages 1.5.7
	- artifacts 13.2.0
	   |-- com_electronwill_night-config_core 3.8.0
	   |-- com_electronwill_night-config_toml 3.8.0
	   \-- expandability 12.0.0
	- atistructures 1.3.10
	- azurelib 3.0.39
	- balm 21.0.56
	   \-- kuma_api 21.0.7
	- betteradvancements 0.4.3.21
	- bettercombat 2.3.1+1.21.1
	   \-- tiny_config 3.1.0
	- betterendisland 1.21.1-Fabric-3.1.2
	   \-- org_reflections_reflections 0.10.2
	- bettervillage 3.3.1
	- biomesoplenty 21.1.0.13
	- bosses_of_mass_destruction 1.10.2-1.21.1
	   \-- multipart_entities 1.7-1.21
	- c2me 0.3.0+alpha.0.362+1.21.1
	   |-- c2me-base 0.3.0+alpha.0.362+1.21.1
	   |-- c2me-client-uncapvd 0.3.0+alpha.0.362+1.21.1
	   |-- c2me-fixes-chunkio-threading-issues 0.3.0+alpha.0.362+1.21.1
	   |-- c2me-fixes-general-threading-issues 0.3.0+alpha.0.362+1.21.1
	   |-- c2me-fixes-worldgen-threading-issues 0.3.0+alpha.0.362+1.21.1
	   |-- c2me-fixes-worldgen-vanilla-bugs 0.3.0+alpha.0.362+1.21.1
	   |-- c2me-notickvd 0.3.0+alpha.0.362+1.21.1
	   |-- c2me-opts-allocs 0.3.0+alpha.0.362+1.21.1
	   |-- c2me-opts-chunkio 0.3.0+alpha.0.362+1.21.1
	   |-- c2me-opts-dfc 0.3.0+alpha.0.362+1.21.1
	   |-- c2me-opts-math 0.3.0+alpha.0.362+1.21.1
	   |-- c2me-opts-scheduling 0.3.0+alpha.0.362+1.21.1
	   |-- c2me-opts-worldgen-general 0.3.0+alpha.0.362+1.21.1
	   |-- c2me-opts-worldgen-vanilla 0.3.0+alpha.0.362+1.21.1
	   |-- c2me-rewrites-chunk-serializer 0.3.0+alpha.0.362+1.21.1
	   |-- c2me-rewrites-chunk-system 0.3.0+alpha.0.362+1.21.1
	   |-- c2me-rewrites-chunkio 0.3.0+alpha.0.362+1.21.1
	   |-- c2me-server-utils 0.3.0+alpha.0.362+1.21.1
	   |-- c2me-threading-lighting 0.3.0+alpha.0.362+1.21.1
	   |-- com_ibm_async_asyncutil 0.1.0
	   |-- io_reactivex_rxjava3_rxjava 3.1.12
	   |-- mixinsquared 0.2.0-beta.6
	   |-- net_objecthunter_exp4j 0.4.8
	   |-- org_jctools_jctools-core 4.0.5
	   \-- org_reactivestreams_reactive-streams 1.0.4
	- cardiac 0.5.3.4
	- cardinal-components 6.1.3
	   |-- cardinal-components-base 6.1.3
	   |-- cardinal-components-block 6.1.3
	   |-- cardinal-components-chunk 6.1.3
	   |-- cardinal-components-entity 6.1.3
	   |-- cardinal-components-item 6.1.3
	   |-- cardinal-components-level 6.1.3
	   |-- cardinal-components-scoreboard 6.1.3
	   \-- cardinal-components-world 6.1.3
	- chefsdelight 1.0.5-fabric-1.21.1
	   \-- structurized-reborn 1.21.1-01
	- chunksending 1.21-2.8
	- cloth-config 15.0.140
	   \-- cloth-basic-math 0.6.1
	- collective 8.13
	- comforts 9.0.5+1.21.1
	   \-- spectrelib 0.17.2+1.21
	        |-- com_electronwill_night-config_core 3.8.0
	        \-- com_electronwill_night-config_toml 3.8.0
	- connectedglass 1.1.14
	- connectivity 1.21-7.2
	- coroutil 1.21.1-1.3.8
	- creativecore 2.13.29
	   \-- net_neoforged_bus 7.2.0
	- creeperoverhaul 4.0.6
	   \-- com_teamresourceful_resourceful-cosmetics-4j 1.0.3
	- cristellib 3.0.3
	   \-- blue_endless_jankson 1.2.3
	- crittersandcompanions 1.21.1-2.3.4
	   |-- porting_lib_attributes 3.1.0-beta.75+1.21.1
	   |    |-- porting_lib_core 3.1.0-beta.75+1.21.1
	   |    \-- porting_lib_gametest 3.1.0-beta.75+1.21.1
	   \-- porting_lib_entity 3.1.0-beta.75+1.21.1
	        |-- porting_lib_core 3.1.0-beta.75+1.21.1
	        |-- porting_lib_gametest 3.1.0-beta.75+1.21.1
	        \-- porting_lib_mixin_extensions 3.1.0-beta.75+1.21.1
	- ctov 3.6.1
	- cupboard 1.21-2.9
	- dangerous 1.4.3
	- dawnoftimebuilder 1.6.4
	- deeperdarker 1.3.3-plus-b
	   \-- customportalapi 0.0.1-beta67-1.21
	- diagonalfences 21.1.1
	- diagonalwalls 21.1.2
	   \-- diagonalblocks 21.1.2
	- doubledoors 7.2
	- dungeons_arise 2.1.68
	- easyanvils 21.1.0
	- easymagic 21.1.4
	- easyshulkerboxes 21.1.3
	   \-- iteminteractions 21.1.4
	- ecologics 2.3.3
	- effortless 3.4.0
	- emotecraft 2.4.12
	   \-- bendy-lib 5.1
	- epicwitchhuts 1.2.0
	- explorerscompass 1.21.1-2.2.5-fabric
	- exposure 1.9.13
	- fabric-api 0.116.8+1.21.1
	   |-- fabric-api-base 0.4.42+6573ed8c19
	   |-- fabric-api-lookup-api-v1 1.6.71+b559734419
	   |-- fabric-biome-api-v1 13.0.31+d527f9fd19
	   |-- fabric-block-api-v1 1.1.0+0bc3503219
	   |-- fabric-block-view-api-v2 1.0.11+ebb2264e19
	   |-- fabric-blockrenderlayer-v1 1.1.52+0af3f5a719
	   |-- fabric-client-tags-api-v1 1.1.15+6573ed8c19
	   |-- fabric-command-api-v1 1.2.49+f71b366f19
	   |-- fabric-command-api-v2 2.2.28+6ced4dd919
	   |-- fabric-commands-v0 0.2.66+df3654b319
	   |-- fabric-content-registries-v0 8.0.19+b559734419
	   |-- fabric-convention-tags-v1 2.1.6+7f945d5b19
	   |-- fabric-convention-tags-v2 2.11.2+fa89716719
	   |-- fabric-crash-report-info-v1 0.2.29+0af3f5a719
	   |-- fabric-data-attachment-api-v1 1.4.6+5b36e0f719
	   |-- fabric-data-generation-api-v1 20.2.35+37516cd619
	   |-- fabric-dimensions-v1 4.0.1+65213ef819
	   |-- fabric-entity-events-v1 1.8.0+2b27e0a419
	   |-- fabric-events-interaction-v0 0.7.13+ba9dae0619
	   |-- fabric-game-rule-api-v1 1.0.53+6ced4dd919
	   |-- fabric-item-api-v1 11.2.0+3b3cb2e819
	   |-- fabric-item-group-api-v1 4.1.7+def88e3a19
	   |-- fabric-key-binding-api-v1 1.0.47+0af3f5a719
	   |-- fabric-keybindings-v0 0.2.45+df3654b319
	   |-- fabric-lifecycle-events-v1 2.6.0+0865547519
	   |-- fabric-loot-api-v2 3.0.15+3f89f5a519
	   |-- fabric-loot-api-v3 1.0.3+3f89f5a519
	   |-- fabric-message-api-v1 6.0.14+8aaf3aca19
	   |-- fabric-model-loading-api-v1 2.1.0+b4d813fc19
	   |-- fabric-networking-api-v1 4.3.0+c7469b2119
	   |-- fabric-object-builder-api-v1 15.2.1+40875a9319
	   |-- fabric-particles-v1 4.0.2+6573ed8c19
	   |-- fabric-recipe-api-v1 5.0.15+2475392c19
	   |-- fabric-registry-sync-v0 5.3.1+e3eddc2119
	   |-- fabric-renderer-api-v1 3.4.1+b4d813fc19
	   |-- fabric-renderer-indigo 1.7.1+c705a49c19
	   |-- fabric-renderer-registries-v1 3.2.69+df3654b319
	   |-- fabric-rendering-data-attachment-v1 0.3.49+73761d2e19
	   |-- fabric-rendering-fluids-v1 3.1.6+1daea21519
	   |-- fabric-rendering-v0 1.1.72+df3654b319
	   |-- fabric-rendering-v1 5.1.0+ab4c25a019
	   |-- fabric-resource-conditions-api-v1 4.3.0+8dc279b119
	   |-- fabric-resource-loader-v0 1.3.1+5b5275af19
	   |-- fabric-screen-api-v1 2.0.25+8b68f1c719
	   |-- fabric-screen-handler-api-v1 1.3.90+b559734419
	   |-- fabric-sound-api-v1 1.0.23+6573ed8c19
	   |-- fabric-transfer-api-v1 5.4.3+c24bd99419
	   \-- fabric-transitive-access-wideners-v1 6.2.0+45b9699719
	- fabric-language-kotlin 1.13.9+kotlin.2.3.10
	   |-- org_jetbrains_kotlin_kotlin-reflect 2.3.10
	   |-- org_jetbrains_kotlin_kotlin-stdlib 2.3.10
	   |-- org_jetbrains_kotlin_kotlin-stdlib-jdk7 2.3.10
	   |-- org_jetbrains_kotlin_kotlin-stdlib-jdk8 2.3.10
	   |-- org_jetbrains_kotlinx_atomicfu-jvm 0.31.0
	   |-- org_jetbrains_kotlinx_kotlinx-coroutines-core-jvm 1.10.2
	   |-- org_jetbrains_kotlinx_kotlinx-coroutines-jdk8 1.10.2
	   |-- org_jetbrains_kotlinx_kotlinx-datetime-jvm 0.7.1
	   |-- org_jetbrains_kotlinx_kotlinx-io-bytestring-jvm 0.8.2
	   |-- org_jetbrains_kotlinx_kotlinx-io-core-jvm 0.8.2
	   |-- org_jetbrains_kotlinx_kotlinx-serialization-cbor-jvm 1.10.0
	   |-- org_jetbrains_kotlinx_kotlinx-serialization-core-jvm 1.10.0
	   \-- org_jetbrains_kotlinx_kotlinx-serialization-json-jvm 1.10.0
	- fabricloader 0.18.4
	   \-- mixinextras 0.5.0
	- fallingtrees 0.14.0-APLHA.2.1
	- farmersdelight 1.21.1-3.2.2+refabricated
	   \-- mm 2.3
	- fastasyncworldsave 1.21-2.6
	- fastitemframes 21.1.6
	- ferritecore 7.0.3
	- fishofthieves 21.1.1.2
	   \-- mm 2.3
	- forgeconfigapiport 21.1.6
	   |-- com_electronwill_night-config_core 3.8.0
	   \-- com_electronwill_night-config_toml 3.8.0
	- framework 0.13.11
	   |-- org_javassist_javassist 3.29.2-GA
	   \-- org_reflections_reflections 0.10.2
	- furnitureexpanded 1.2
	- fusion 1.2.12
	- fzzy_config 0.7.6+1.21
	   |-- blue_endless_jankson 1.2.3
	   |-- fabric-permissions-api-v0 0.3.1
	   \-- net_peanuuutz_tomlkt_tomlkt-jvm 0.3.7
	- gamingfurniture 0.3.0
	   \-- special-model-loader 1.3.0
	- geckolib 4.8.3
	- glitchcore 2.1.0.0
	   \-- net_jodah_typetools 0.6.3
	- guardvillagers 2.1.2-1.21
	   \-- midnightlib 1.5.7
	- handcrafted 4.0.3
	- iceberg 1.3.2
	- imfast 1.0.2
	- immersivelanterns 1.0.6
	- infinitetrading 4.6
	- itemphysic 1.8.10
	- items_displayed 1.3
	- jade 15.10.5+fabric
	- jamlib 1.3.5+1.21.1
	   \-- blue_endless_jankson 1.2.3
	- java 21
	- jei 19.27.0.340
	- js_furniture_mod 1.0.5
	- justhammers 21.1.4
	- libraryferret 4.0.0
	- lithostitched 1.5.7
	- livingthings 1.21.1-2.3.0
	- mca 7.7.5+1.21.1
	- mcwbridges 3.1.2
	- mcwfences 1.2.1
	- mcwfurnitures 3.4.1
	- mcwwindows 2.4.2
	- mes 2.0.0
	- minecraft 1.21.1
	- mob_drops_recipes_end 2.1.0
	- mob_drops_recipes_nether 2.1.1
	- mob_drops_recipes_overworld 2.1.0
	- mobs_of_mythology 2.2.2
	- modernfix 5.25.1+mc1.21.1
	- monolib 2.1.0
	- moogs_structures 1.1.0-1.21-1.21.1-fabric
	- moonlight 1.21-2.29.16
	- mr_better_snowybiome 1-v2.5.1
	- mr_dungeons_andtaverns 1-v4.4.4
	- mr_dungeons_andtavernsnetherfortressoverhaul 1-v2.4
	- mr_dungeons_andtavernsoceanmonumentreplacement 1-v1.2
	- mr_dungeons_andtavernsstrongholdoverhaul 1-v2.1.f
	- mr_dungeons_andtavernswoodlandmansionreplacement 1-v1.2
	- mr_epic_structuresvillages 1.2.0
	- mr_revault 1.2
	- mr_true_ending 1-v1.1.2d
	- mr_vb_compat 1.4
	- mru 1.0.19+LTS+1.21.1+fabric
	   \-- org_commonmark_commonmark 0.21.0
	- naturescompass 1.21.1-2.2.7-fabric
	- nemos_inventory_sorting 1.21.1-1.8.2.1
	- netherportalfix 21.1.3
	- noisium 2.3.0+mc1.21-1.21.1
	- nullscape 1.2.14
	- nyfsspiders 3.0.1
	   \-- awcapi 1.0.2
	- octolib 0.6.0.4
	- owo 0.12.15.4+1.21
	   |-- io_wispforest_endec 0.1.5.1
	   |-- io_wispforest_endec_gson 0.1.3.1
	   |-- io_wispforest_endec_jankson 0.1.3.1
	   \-- io_wispforest_endec_netty 0.1.2
	- packetfixer 3.3.1
	- pandalib 1.0.0-ALPHA.2.1
	   |-- dev_pandasystems_universal-serializer 0.1.0-SNAPSHOT
	   |-- org_jetbrains_kotlinx_kotlinx-coroutines-core-jvm 1.10.2
	   \-- org_jetbrains_kotlinx_kotlinx-coroutines-jdk8 1.10.2
	- patchouli 1.21.1-92-FABRIC
	   \-- fiber 0.23.0-2
	- pickupnotifier 21.1.1
	- pingwheel 1.12.1
	- placeholder-api 2.4.2+1.21
	- platform 1.2.11.5
	- playeranimator 2.0.4+1.21.1
	- pointblank 1.10.0
	- polymer-bundled 0.9.19+1.21.1
	   |-- polymer-autohost 0.9.19+1.21.1
	   |    \-- io_netty_netty-codec-http 4.1.82
	   |-- polymer-blocks 0.9.19+1.21.1
	   |-- polymer-common 0.9.19+1.21.1
	   |    \-- packet_tweaker 0.5.6+1.21
	   |-- polymer-core 0.9.19+1.21.1
	   |    |-- polymer-networking 0.9.19+1.21.1
	   |    |    \-- polymer-common 0.9.19+1.21.1
	   |    |         \-- packet_tweaker 0.5.6+1.21
	   |    \-- polymer-registry-sync-manipulator 0.9.19+1.21.1
	   |-- polymer-resource-pack 0.9.19+1.21.1
	   |    \-- polymer-common 0.9.19+1.21.1
	   |         \-- packet_tweaker 0.5.6+1.21
	   \-- polymer-virtual-entity 0.9.19+1.21.1
	        \-- polymer-common 0.9.19+1.21.1
	             \-- packet_tweaker 0.5.6+1.21
	- puzzleslib 21.1.39
	- quartzelv 2.3.1+1.21.1
	- quickskin 2.6.1.1
	- rch_supplementaries_compat 2.0.0+1.21
	- realisticbees 4.2
	- refurbished_furniture 1.0.22
	- resourcefulconfig 3.0.11
	- resourcefullib 3.0.12
	   |-- com_teamresourceful_bytecodecs 1.1.2
	   \-- com_teamresourceful_yabn 1.0.3
	- rightclickharvest 4.6.0+1.21.1
	- rusticdelight 1.5.1
	- sereneseasons 10.1.0.3
	   \-- net_jodah_typetools 0.6.3
	- servercore 1.5.10+1.21.1
	   |-- fabric-permissions-api-v0 0.3.1
	   |-- org_yaml_snakeyaml 2.3
	   |-- space_arim_dazzleconf_dazzleconf-core 1.3.0-M2
	   \-- space_arim_dazzleconf_dazzleconf-ext-snakeyaml 1.3.0-M2
	- silk-all 1.10.7
	   |-- silk-commands 1.10.7
	   |-- silk-core 1.10.7
	   |-- silk-game 1.10.7
	   |-- silk-igui 1.10.7
	   |-- silk-nbt 1.10.7
	   |-- silk-network 1.10.7
	   \-- silk-persistence 1.10.7
	- smartbrainlib 1.16.11
	- spears 1.7.3
	- spell_power 1.4.6+1.21.1
	   \-- tiny_config 3.1.0
	- stackrefill 4.9
	- structure_pool_api 1.2.1+1.21.1
	- supermartijn642corelib 1.1.20
	- supplementaries 1.21-3.5.19
	- t_and_t 1.13.7
	- takesapillage 1.0.10
	- tectonic 3.0.19
	- terrablender 4.1.0.8
	- terralith 2.5.8
	- tinyskeletons 21.1.0
	- trade_cycling 1.21.1-1.0.18
	   |-- fabric-key-binding-api-v1 1.0.47+0af3f5a76a
	   \-- fabric-screen-api-v1 2.0.24+b55973446a
	- travelersbackpack 10.1.33
	- trinkets 3.10.0
	- txnilib 1.0.24
	- universal-graves 3.4.4+1.21
	   |-- common-protection-api 1.0.0
	   |-- predicate-api 0.5.1+1.21
	   |-- server_translations_api 2.3.1+1.21-pre2
	   \-- sgui 1.6.0+1.21
	- vanillabackport 1.1.5.4.2
	- variantsandventures 1.0.22
	- vcinteraction 1.21.1-1.0.8
	- veinminer 2.4.2
	   |-- de_miraculixx_core_dev 2.4.2
	   \-- fabric-permissions-api-v0 0.3.1
	- village_taverns 1.1.5+1.21.1
	   \-- tiny_config 3.1.0
	- villagernames 8.2
	- visualworkbench 21.1.1
	- voicechat 1.21.1-2.6.12
	   |-- fabric-key-binding-api-v1 1.0.47+0af3f5a76a
	   \-- voicechat_api 2.6.0
	- watut 1.21.0-1.2.7
	- waystones 21.1.25
	- weaponmaster_ydm 4.4.1
	- wildernature 1.1.4
	- worldedit 7.3.8+6939-7d32b45
	- yet_another_config_lib_v3 3.8.2+1.21.1-fabric
	   |-- com_twelvemonkeys_common_common-image 3.12.0
	   |-- com_twelvemonkeys_common_common-io 3.12.0
	   |-- com_twelvemonkeys_common_common-lang 3.12.0
	   |-- com_twelvemonkeys_imageio_imageio-core 3.12.0
	   |-- com_twelvemonkeys_imageio_imageio-metadata 3.12.0
	   |-- com_twelvemonkeys_imageio_imageio-webp 3.12.0
	   |-- org_quiltmc_parsers_gson 0.2.1
	   \-- org_quiltmc_parsers_json 0.2.1
	- yungsapi 1.21.1-Fabric-5.1.6
	   |-- org_javassist_javassist 3.29.2-GA
	   \-- org_reflections_reflections 0.10.2
[02:12:59] [main/INFO]: SpongePowered MIXIN Subsystem Version=0.8.7 Source=file:/workspaces/sturdy-octo-rotary-phonePrueba2/servidor_minecraft/libraries/net/fabricmc/sponge-mixin/0.17.0+mixin.0.8.7/sponge-mixin-0.17.0+mixin.0.8.7.jar Service=Knot/Fabric Env=SERVER
[02:12:59] [main/INFO]: Compatibility level set to JAVA_17
[02:12:59] [main/INFO]: Compatibility level set to JAVA_21
[02:13:00] [main/WARN]: Reference map 'ancientstructures.refmap.json' for ancientstructures.mixins.json could not be read. If this is a development environment you can ignore this message
[02:13:00] [main/WARN]: Reference map 'ancientstructures.refmap.json' for ancientstructures.fabric.mixins.json could not be read. If this is a development environment you can ignore this message
[02:13:00] [main/INFO]: Initializing com.ishland.c2me.base.mixin
[02:13:00] [main/INFO]: Global Executor Parallelism: 3 configured, 3 evaluated, 3 default evaluated
[02:13:00] [main/INFO]: Initializing com.ishland.c2me.fixes.chunkio.threading_issues.mixin
[02:13:00] [main/INFO]: Initializing com.ishland.c2me.fixes.general.threading_issues.mixin
[02:13:00] [main/INFO]: Initializing com.ishland.c2me.fixes.worldgen.threading_issues.mixin
[02:13:00] [main/INFO]: Initializing com.ishland.c2me.fixes.worldgen.vanilla_bugs.mixin
[02:13:00] [main/INFO]: Initializing com.ishland.c2me.notickvd.mixin
[02:13:00] [main/INFO]: Initializing com.ishland.c2me.opts.allocs.mixin
[02:13:00] [main/INFO]: Initializing com.ishland.c2me.opts.chunkio.mixin
[02:13:00] [main/INFO]: Initializing com.ishland.c2me.opts.dfc.mixin
[02:13:00] [main/INFO]: Disabling com.ishland.c2me.opts.dfc.mixin
[02:13:00] [main/INFO]: Initializing com.ishland.c2me.opts.math.mixin
[02:13:00] [main/INFO]: Initializing com.ishland.c2me.opts.scheduling.mixin
[02:13:00] [main/INFO]: Initializing com.ishland.c2me.opts.worldgen.general.mixin
[02:13:00] [main/INFO]: Initializing com.ishland.c2me.opts.worldgen.vanilla.mixin
[02:13:00] [main/INFO]: Initializing com.ishland.c2me.rewrites.chunk_serializer.mixin
[02:13:00] [main/INFO]: Disabling config ioSystem.gcFreeChunkSerializer: Incompatible with architectury@13.0.8 (*) (defined in c2me)
[02:13:00] [main/INFO]: Disabling com.ishland.c2me.rewrites.chunk_serializer.mixin
[02:13:00] [main/INFO]: Initializing com.ishland.c2me.rewrites.chunksystem.mixin
[02:13:00] [main/INFO]: Initializing com.ishland.c2me.rewrites.chunkio.mixin
[02:13:00] [main/INFO]: Initializing com.ishland.c2me.server.utils.mixin
[02:13:00] [main/INFO]: Initializing com.ishland.c2me.threading.lighting.mixin
[02:13:00] [main/WARN]: Reference map 'connectedglass.mixins.refmap.json' for connectedglass.mixins.json could not be read. If this is a development environment you can ignore this message
[02:13:00] [main/WARN]: Reference map 'coroutil.refmap.json' for coroutil_fabric.mixins.json could not be read. If this is a development environment you can ignore this message
[02:13:00] [main/WARN]: Reference map '[common]ctov-common-refmap.json' for ctov-common.mixins.json could not be read. If this is a development environment you can ignore this message
[02:13:00] [main/WARN]: Reference map 'diagonalfences.common.refmap.json' for diagonalfences.common.mixins.json could not be read. If this is a development environment you can ignore this message
[02:13:00] [main/WARN]: Reference map 'diagonalfences.fabric.refmap.json' for diagonalfences.fabric.mixins.json could not be read. If this is a development environment you can ignore this message
[02:13:00] [main/WARN]: Reference map 'diagonalwalls.common.refmap.json' for diagonalwalls.common.mixins.json could not be read. If this is a development environment you can ignore this message
[02:13:00] [main/WARN]: Reference map 'diagonalwalls.fabric.refmap.json' for diagonalwalls.fabric.mixins.json could not be read. If this is a development environment you can ignore this message
[02:13:00] [main/WARN]: Reference map 'easyshulkerboxes.common.refmap.json' for easyshulkerboxes.common.mixins.json could not be read. If this is a development environment you can ignore this message
[02:13:00] [main/WARN]: Reference map 'easyshulkerboxes.fabric.refmap.json' for easyshulkerboxes.fabric.mixins.json could not be read. If this is a development environment you can ignore this message
[02:13:00] [main/WARN]: Reference map 'fastitemframes.fabric.refmap.json' for fastitemframes.fabric.mixins.json could not be read. If this is a development environment you can ignore this message
[02:13:00] [main/WARN]: Reference map 'forgeconfigapiport.common.refmap.json' for forgeconfigapiport.common.mixins.json could not be read. If this is a development environment you can ignore this message
[02:13:00] [main/WARN]: Reference map 'iteminteractions.fabric.refmap.json' for iteminteractions.fabric.mixins.json could not be read. If this is a development environment you can ignore this message
[02:13:00] [main/INFO]: Loaded configuration file for ModernFix 5.25.1+mc1.21.1: 65 options available, 3 override(s) found
[02:13:00] [main/WARN]: Option 'mixin.bugfix.paper_chunk_patches' overriden (by mods [c2me]) to 'false'
[02:13:00] [main/WARN]: Option 'mixin.perf.cache_strongholds' overriden (by mods [c2me]) to 'false'
[02:13:00] [main/WARN]: Option 'mixin.bugfix.chunk_deadlock' overriden (by mods [c2me]) to 'false'
[02:13:00] [main/INFO]: Applying Nashorn fix
[02:13:00] [main/INFO]: Packet Fixer forge 1.20.5-1.21.X has been applied successfully.
[02:13:00] [main/WARN]: Reference map 'pickupnotifier.fabric.refmap.json' for pickupnotifier.fabric.mixins.json could not be read. If this is a development environment you can ignore this message
[02:13:00] [main/WARN]: Reference map 'supermartijn642corelib.mixins.refmap.json' for supermartijn642corelib.mixins.json could not be read. If this is a development environment you can ignore this message
[02:13:00] [main/WARN]: Reference map 'tiny_config-common-common-refmap.json' for tiny_config.mixins.json could not be read. If this is a development environment you can ignore this message
[02:13:00] [main/WARN]: Reference map 'visualworkbench.fabric.refmap.json' for visualworkbench.fabric.mixins.json could not be read. If this is a development environment you can ignore this message
[02:13:00] [main/WARN]: Reference map 'yet_another_config_lib_v3.refmap.json' for yacl.mixins.json could not be read. If this is a development environment you can ignore this message
[02:13:00] [main/WARN]: Reference map 'yet_another_config_lib_v3.refmap.json' for yacl-fabric.mixins.json could not be read. If this is a development environment you can ignore this message
[02:13:01] [main/WARN]: Error loading class: ca/spottedleaf/starlight/common/thread/SchedulingUtil (java.lang.ClassNotFoundException: ca/spottedleaf/starlight/common/thread/SchedulingUtil)
[02:13:01] [main/WARN]: Error loading class: com/tom/storagemod/block/entity/StorageTerminalBlockEntity (java.lang.ClassNotFoundException: com/tom/storagemod/block/entity/StorageTerminalBlockEntity)
[02:13:01] [main/WARN]: Error loading class: traben/entity_model_features/models/animation/EMFAnimationEntityContext (java.lang.ClassNotFoundException: traben/entity_model_features/models/animation/EMFAnimationEntityContext)
[02:13:01] [main/WARN]: Error loading class: com/electronwill/nightconfig/core/io/IoUtils (java.lang.ClassNotFoundException: com/electronwill/nightconfig/core/io/IoUtils)
[02:13:01] [main/WARN]: Error loading class: net/minecraft/class_525 (java.lang.ClassNotFoundException: net/minecraft/class_525)
[02:13:01] [main/WARN]: @Mixin target net.minecraft.class_525 was not found moonlight.mixins.json:CreateWorldScreenMixin from mod moonlight
[02:13:01] [main/WARN]: Error loading class: net/minecraft/class_287 (java.lang.ClassNotFoundException: net/minecraft/class_287)
[02:13:01] [main/WARN]: @Mixin target net.minecraft.class_287 was not found owo.mixins.json:BufferBuilderAccessor from mod owo
[02:13:01] [main/WARN]: Error loading class: net/minecraft/class_437 (java.lang.ClassNotFoundException: net/minecraft/class_437)
[02:13:01] [main/WARN]: @Mixin target net.minecraft.class_437 was not found owo.mixins.json:ScreenAccessor from mod owo
[02:13:01] [main/WARN]: Error loading class: net/minecraft/class_7766 (java.lang.ClassNotFoundException: net/minecraft/class_7766)
[02:13:01] [main/WARN]: @Mixin target net.minecraft.class_7766 was not found pointblank.fabric.mixins.json:SpriteLoaderMixin from mod pointblank
[02:13:01] [main/WARN]: Error loading class: me/jellysquid/mods/sodium/client/render/chunk/compile/pipeline/FluidRenderer (java.lang.ClassNotFoundException: me/jellysquid/mods/sodium/client/render/chunk/compile/pipeline/FluidRenderer)
[02:13:01] [main/WARN]: Error loading class: com/simibubi/create/content/kinetics/base/BlockBreakingKineticBlockEntity (java.lang.ClassNotFoundException: com/simibubi/create/content/kinetics/base/BlockBreakingKineticBlockEntity)
[02:13:01] [main/WARN]: Error loading class: jeresources/api/util/BiomeHelper (java.lang.ClassNotFoundException: jeresources/api/util/BiomeHelper)
[02:13:01] [main/WARN]: Error loading class: yalter/mousetweaks/Main (java.lang.ClassNotFoundException: yalter/mousetweaks/Main)
[02:13:02] [main/INFO]: Initializing MixinExtras via com.llamalad7.mixinextras.service.MixinExtrasServiceImpl(version=0.5.0).
[02:13:03] [main/WARN]: @Inject(@At("INVOKE")) Shift.BY=1 on crittersandcompanions.mixins.json:LivingEntityMixin from mod crittersandcompanions::handler$bhd000$crittersandcompanions$onDie exceeds the maximum allowed value: 0. Increase the value of maxShiftBy to suppress this warning.
[02:13:04] [main/WARN]: Static binding violation: PRIVATE @Overwrite method method_21740 in modernfix-common.mixins.json:perf.remove_biome_temperature_cache.BiomeMixin from mod modernfix cannot reduce visibiliy of PUBLIC target method, visibility will be upgraded.
[02:13:07] [main/INFO]: Added new enum to class net.minecraft.class_1690$class_1692: FISHOFTHIEVES_COCONUT|fishofthieves_coconut
[02:13:08] [main/INFO]: Vanilla bootstrap took 5693 milliseconds
[02:13:08] [main/WARN]: @ModifyConstant conflict. Skipping packetfixer.v1_20_5.fabric.mixins.json:v1_20_5_fabric.ServerCommonPacketListenerImplMixin from mod packetfixer->@ModifyConstant::packetfixer$tick$1(J)J with priority 1000, already redirected by connectivity.mixins.json:ServerPlayNetHandlerMixin from mod connectivity->@ModifyConstant::playTimeout(J)J with priority 1001
[02:13:08] [main/INFO]: Registering Listeners!
[02:13:08] [main/INFO]: Initializing platform helper for Advanced Netherite!
[02:13:08] [main/INFO]: Loaded config amendments-common.json
[02:13:08] [main/INFO]: [Animal Feeding Trough] Load Complete! Enjoy :D
[02:13:08] [main/INFO]: Deserializing AOTAConfig from './config/armoroftheages.json'
[02:13:09] [main/ERROR]: No data fixer registered for artifacts:mimic
[02:13:09] [main/INFO]: Hello Fabric world!
[02:13:09] [main/INFO]: Registered azurelib config for auto-sync function
[02:13:09] [main/INFO]: Reflections took 42 ms to scan 1 urls, producing 1 keys and 2 values
[02:13:09] [main/INFO]: Reflections took 1 ms to scan 1 urls, producing 1 keys and 2 values
[02:13:09] [main/ERROR]: No data fixer registered for life_orb
[02:13:09] [main/ERROR]: No data fixer registered for thrown_life_bottle
[02:13:09] [main/INFO]: [STDOUT]: All 10 have been set properly
[02:13:09] [main/INFO]: Registering Villagers for chefsdelight
[02:13:09] [main/INFO]: Loaded config for: chunksending.json
[02:13:09] [main/INFO]: chunksending mod initialized
[02:13:09] [main/INFO]: Loading Collective version 8.13.
[02:13:09] [main/INFO]: Connectivity initialized
[02:13:09] [main/INFO]: fabric loader environment detected
[02:13:09] [main/ERROR]: No data fixer registered for jungle_creeper
[02:13:09] [main/ERROR]: No data fixer registered for bamboo_creeper
[02:13:09] [main/ERROR]: No data fixer registered for desert_creeper
[02:13:09] [main/ERROR]: No data fixer registered for badlands_creeper
[02:13:09] [main/ERROR]: No data fixer registered for hills_creeper
[02:13:09] [main/ERROR]: No data fixer registered for savannah_creeper
[02:13:09] [main/ERROR]: No data fixer registered for mushroom_creeper
[02:13:09] [main/ERROR]: No data fixer registered for swamp_creeper
[02:13:09] [main/ERROR]: No data fixer registered for dripstone_creeper
[02:13:09] [main/ERROR]: No data fixer registered for cave_creeper
[02:13:09] [main/ERROR]: No data fixer registered for dark_oak_creeper
[02:13:09] [main/ERROR]: No data fixer registered for spruce_creeper
[02:13:09] [main/ERROR]: No data fixer registered for beach_creeper
[02:13:09] [main/ERROR]: No data fixer registered for snowy_creeper
[02:13:09] [main/ERROR]: No data fixer registered for ocean_creeper
[02:13:09] [main/ERROR]: No data fixer registered for birch_creeper
[02:13:09] [main/ERROR]: No data fixer registered for dragonfly
[02:13:09] [main/ERROR]: No data fixer registered for dumbo_octopus
[02:13:09] [main/ERROR]: No data fixer registered for ferret
[02:13:09] [main/ERROR]: No data fixer registered for jumping_spider
[02:13:09] [main/ERROR]: No data fixer registered for koi_fish
[02:13:09] [main/ERROR]: No data fixer registered for leaf_insect
[02:13:09] [main/ERROR]: No data fixer registered for otter
[02:13:09] [main/ERROR]: No data fixer registered for red_panda
[02:13:09] [main/ERROR]: No data fixer registered for sea_bunny
[02:13:09] [main/ERROR]: No data fixer registered for shima_enaga
[02:13:10] [main/INFO]: Loaded config for: cupboard.json
[02:13:10] [main/INFO]: Dangerous Fabric mod initializing…
[02:13:10] [main/INFO]: [Dangerous] SkeletonWeaponManager Fabric events registered
[02:13:10] [main/INFO]: [Dangerous] IllagerWeaponManager Fabric events registered
[02:13:10] [main/INFO]: [Dangerous] MobDeathHandler (drop filter mixin) active
[02:13:10] [main/ERROR]: No data fixer registered for chair
[02:13:10] [main/ERROR]: No data fixer registered for deeperdarker:angler_fish
[02:13:10] [main/ERROR]: No data fixer registered for deeperdarker:sculk_centipede
[02:13:10] [main/ERROR]: No data fixer registered for deeperdarker:sculk_leech
[02:13:10] [main/ERROR]: No data fixer registered for deeperdarker:sculk_snapper
[02:13:10] [main/ERROR]: No data fixer registered for deeperdarker:shattered
[02:13:10] [main/ERROR]: No data fixer registered for deeperdarker:shriek_worm
[02:13:10] [main/ERROR]: No data fixer registered for deeperdarker:sludge
[02:13:10] [main/ERROR]: No data fixer registered for deeperdarker:stalker
[02:13:10] [main/ERROR]: No data fixer registered for crystallized_amber
[02:13:10] [main/ERROR]: No data fixer registered for sculk_jaw
[02:13:10] [main/INFO]: Constructing common components for diagonalblocks:main
[02:13:10] [main/INFO]: Constructing common components for diagonalfences:main
[02:13:11] [main/INFO]: Constructing shapes for DiagonalFenceBlock[NodeWidth=2.0,ExtensionWidth=2.0,NodeTop=24.0,ExtensionBottom=0.0,ExtensionTop=24.0] took 323ms
[02:13:11] [main/INFO]: Constructing shapes for DiagonalFenceBlock[NodeWidth=2.0,ExtensionWidth=2.0,NodeTop=16.0,ExtensionBottom=0.0,ExtensionTop=16.0] took 80ms
[02:13:11] [main/INFO]: Constructing shapes for DiagonalFenceBlock[NodeWidth=2.0,ExtensionWidth=1.0,NodeTop=16.0,ExtensionBottom=6.0,ExtensionTop=15.0] took 72ms
[02:13:11] [main/INFO]: Constructing common components for diagonalwalls:main
[02:13:11] [main/INFO]: Constructing shapes for DiagonalWallBlock[NodeWidth=0.0,ExtensionWidth=3.0,NodeTop=24.0,ExtensionBottom=0.0,ExtensionTop=24.0] took 42ms
[02:13:11] [main/INFO]: Constructing shapes for DiagonalWallBlock[NodeWidth=0.0,ExtensionWidth=3.0,NodeTop=0.0,ExtensionBottom=0.0,ExtensionTop=14.0] took 55ms
[02:13:11] [main/INFO]: Constructing shapes for DiagonalWallBlock[NodeWidth=4.0,ExtensionWidth=3.0,NodeTop=16.0,ExtensionBottom=0.0,ExtensionTop=14.0] took 59ms
[02:13:11] [main/INFO]: Constructing shapes for DiagonalWallBlock[NodeWidth=4.0,ExtensionWidth=3.0,NodeTop=24.0,ExtensionBottom=0.0,ExtensionTop=24.0] took 26ms
[02:13:11] [main/INFO]: Constructing common components for easyanvils:main
[02:13:11] [main/INFO]: Dispatching loading event for config easyanvils-common.toml
[02:13:11] [main/INFO]: Constructing common components for easymagic:main
[02:13:11] [main/INFO]: Dispatching loading event for config easymagic-common.toml
[02:13:11] [main/INFO]: Constructing common components for easyshulkerboxes:main
[02:13:11] [main/ERROR]: No data fixer registered for coconut_crab
[02:13:11] [main/ERROR]: No data fixer registered for penguin
[02:13:11] [main/ERROR]: No data fixer registered for squirrel
[02:13:11] [main/INFO]: ExpandAbility here, who dis?
[02:13:13] [main/INFO]: Loaded config from /workspaces/sturdy-octo-rotary-phonePrueba2/servidor_minecraft/config/pandalib/pandalib_config.json
[02:13:13] [main/INFO]: Loaded config from /workspaces/sturdy-octo-rotary-phonePrueba2/servidor_minecraft/config/fallingtrees/client.json
[02:13:13] [main/INFO]: Loaded config from /workspaces/sturdy-octo-rotary-phonePrueba2/servidor_minecraft/config/fallingtrees/common.json
[02:13:13] [main/INFO]: Registering fallingtrees:generic to ResourceKey[minecraft:root / fallingtrees:tree_registry]
[02:13:13] [main/INFO]: Registering fallingtrees:vertical to ResourceKey[minecraft:root / fallingtrees:tree_registry]
[02:13:13] [main/INFO]: Registering fallingtrees:chorus to ResourceKey[minecraft:root / fallingtrees:tree_registry]
[02:13:13] [main/INFO]: Registering fallingtrees:mushroom to ResourceKey[minecraft:root / fallingtrees:tree_registry]
[02:13:13] [main/INFO]: Registering fallingtrees:tree_fall to ResourceKey[minecraft:root / minecraft:sound_event]
[02:13:13] [main/INFO]: Registering fallingtrees:tree_impact to ResourceKey[minecraft:root / minecraft:sound_event]
[02:13:13] [main/INFO]: Registering fallingtrees:tree to ResourceKey[minecraft:root / minecraft:entity_type]
[02:13:13] [main/INFO]: Registering fallingtrees:block_map to ResourceKey[minecraft:root / pandalib:entity_data_serializers]
[02:13:13] [main/INFO]: Registering fallingtrees:item_list to ResourceKey[minecraft:root / pandalib:entity_data_serializers]
[02:13:13] [main/INFO]: Loaded config farmersdelight-common.json
[02:13:13] [main/INFO]: Constructing common components for fastitemframes:main
[02:13:13] [main/INFO]: Registering Block
[02:13:13] [main/INFO]: Registering Item
[02:13:13] [main/INFO]: Registering Item Sub Predicate
[02:13:13] [main/INFO]: Registering Block Entity
[02:13:13] [main/INFO]: Registering Sound Event
[02:13:13] [main/INFO]: Registering Entity
[02:13:13] [main/INFO]: Registering Sensor Type
[02:13:13] [main/INFO]: Registering Memory Module Type
[02:13:13] [main/INFO]: Registering Feature
[02:13:13] [main/INFO]: Registering Trunk Placer Type
[02:13:13] [main/INFO]: Registering Tree Decorator Type
[02:13:13] [main/INFO]: Registering Trigger Type
[02:13:13] [main/INFO]: Registering Block State Provider Type
[02:13:13] [main/INFO]: Registering Block Predicate Type
[02:13:13] [main/INFO]: Registering Loot Pool Entry Type
[02:13:13] [main/INFO]: Registering Structure Type
[02:13:13] [main/INFO]: Registering Structure Piece Type
[02:13:13] [main/INFO]: Registering Entity Data Serializer
[02:13:13] [main/INFO]: Registering Loot Item Condition
[02:13:13] [main/INFO]: Registering Trigger Type
[02:13:13] [main/INFO]: Registering Entity Sub Predicate
[02:13:13] [main/INFO]: Registering Mob Effect
[02:13:13] [main/INFO]: Registering Placement Modifier
[02:13:13] [main/INFO]: Registering Surface Rule Condition Source
[02:13:13] [main/INFO]: Registering Poi Types
[02:13:13] [main/INFO]: Registering Map Decoration Types
[02:13:13] [main/INFO]: Registering Loot Item Function
[02:13:13] [main/INFO]: Reflections took 195 ms to scan 1 urls, producing 9 keys and 76 values
[02:13:14] [main/ERROR]: No data fixer registered for seat
[02:13:14] [main/ERROR]: No data fixer registered for furnitureexpanded:seat
[02:13:14] [main/INFO]: Register Mod Items for gamingfurniture
[02:13:14] [main/INFO]: Register Mod Blocks for gamingfurniture
[02:13:14] [main/INFO]: Registering Item Groups forgamingfurniture
[02:13:14] [main/INFO]: Registered synced config with path sereneseasons/fertility.toml
[02:13:14] [main/INFO]: Registered synced config with path sereneseasons/seasons.toml
[02:13:14] [main/ERROR]: No data fixer registered for biomesoplenty:boat
[02:13:14] [main/ERROR]: No data fixer registered for biomesoplenty:chest_boat
[02:13:14] [main/ERROR]: No data fixer registered for anomaly
[02:13:14] [main/ERROR]: No data fixer registered for season_sensor
[02:13:15] [main/ERROR]: No data fixer registered for handcrafted
[02:13:15] [main/INFO]: Constructing common components for iteminteractions:main
[02:13:15] [main/INFO]: Registering configs
[02:13:15] [main/INFO]: Registering blocks
[02:13:15] [main/INFO]: Registering items
[02:13:15] [main/INFO]: Registering item groups
[02:13:15] [main/INFO]: Registering tags
[02:13:15] [main/INFO]: Registering entities
[02:13:15] [main/INFO]: Registering server event handlers
[02:13:15] [main/INFO]: Initializing JamLib on Fabric
[02:13:15] [main/INFO]: Registering Mod Blocks for js_furniture_mod
[02:13:15] [main/INFO]: Registering Mod Items for js_furniture_mod
[02:13:15] [main/INFO]: Registering Item Groups for js_furniture_mod
[02:13:15] [main/INFO]: Registering Mod Entities for js_furniture_mod
[02:13:15] [main/INFO]: Registering Mod Entities for js_furniture_mod
[02:13:15] [main/INFO]: Initialize mod Library Ferret
[02:13:15] [main/INFO]: Initialized mod Library Ferret
[02:13:15] [main/INFO]: Loaded FabricRegistrationFactory for service Factory
[02:13:15] [main/INFO]: Loaded FabricPlatformHelper for service IPlatformHelper
[02:13:15] [main/ERROR]: No data fixer registered for livingthings:elephant
[02:13:15] [main/ERROR]: No data fixer registered for livingthings:giraffe
[02:13:15] [main/ERROR]: No data fixer registered for livingthings:lion
[02:13:15] [main/ERROR]: No data fixer registered for livingthings:shark
[02:13:15] [main/ERROR]: No data fixer registered for livingthings:penguin
[02:13:15] [main/ERROR]: No data fixer registered for livingthings:ostrich
[02:13:15] [main/ERROR]: No data fixer registered for livingthings:flamingo
[02:13:15] [main/ERROR]: No data fixer registered for livingthings:crab
[02:13:15] [main/ERROR]: No data fixer registered for livingthings:mantaray
[02:13:15] [main/ERROR]: No data fixer registered for livingthings:raccoon
[02:13:15] [main/ERROR]: No data fixer registered for livingthings:owl
[02:13:15] [main/ERROR]: No data fixer registered for livingthings:ancient_blaze
[02:13:15] [main/ERROR]: No data fixer registered for livingthings:koala
[02:13:15] [main/ERROR]: No data fixer registered for livingthings:snail
[02:13:15] [main/ERROR]: No data fixer registered for livingthings:monkey
[02:13:15] [main/ERROR]: No data fixer registered for livingthings:nether_knight
[02:13:15] [main/ERROR]: No data fixer registered for livingthings:shroomie
[02:13:15] [main/ERROR]: No data fixer registered for livingthings:seahorse
[02:13:15] [main/ERROR]: No data fixer registered for livingthings:baby_ender_dragon
[02:13:15] [main/ERROR]: No data fixer registered for livingthings:peacock
[02:13:15] [main/ERROR]: No data fixer registered for livingthings:thrown_ostrich_egg
[02:13:15] [main/INFO]: Config 'livingthings.json' was successfully loaded.
[02:13:15] [main/INFO]: Config 'penguin.json' was successfully loaded.
[02:13:15] [main/INFO]: Config 'elephant.json' was successfully loaded.
[02:13:15] [main/INFO]: Config 'giraffe.json' was successfully loaded.
[02:13:15] [main/INFO]: Config 'lion.json' was successfully loaded.
[02:13:15] [main/INFO]: Config 'shark.json' was successfully loaded.
[02:13:15] [main/INFO]: Config 'ostrich.json' was successfully loaded.
[02:13:15] [main/INFO]: Config 'flamingo.json' was successfully loaded.
[02:13:15] [main/INFO]: Config 'crab.json' was successfully loaded.
[02:13:15] [main/INFO]: Config 'mantaray.json' was successfully loaded.
[02:13:15] [main/INFO]: Config 'raccoon.json' was successfully loaded.
[02:13:15] [main/INFO]: Config 'owl.json' was successfully loaded.
[02:13:15] [main/INFO]: Config 'ancient_blaze.json' was successfully loaded.
[02:13:15] [main/INFO]: Config 'koala.json' was successfully loaded.
[02:13:15] [main/INFO]: Config 'snail.json' was successfully loaded.
[02:13:15] [main/INFO]: Config 'monkey.json' was successfully loaded.
[02:13:15] [main/INFO]: Config 'nether_knight.json' was successfully loaded.
[02:13:15] [main/INFO]: Config 'shroomie.json' was successfully loaded.
[02:13:15] [main/INFO]: Config 'seahorse.json' was successfully loaded.
[02:13:15] [main/INFO]: Config 'baby_ender_dragon.json' was successfully loaded.
[02:13:15] [main/INFO]: Config 'peacock.json' was successfully loaded.
[02:13:15] [main/INFO]: Registering MobAttributes
[02:13:15] [main/INFO]: Registering SpawnPlacements
[02:13:15] [main/ERROR]: No data fixer registered for mca:male_villager
[02:13:15] [main/ERROR]: No data fixer registered for mca:female_villager
[02:13:15] [main/ERROR]: No data fixer registered for mca:male_zombie_villager
[02:13:15] [main/ERROR]: No data fixer registered for mca:female_zombie_villager
[02:13:15] [main/ERROR]: No data fixer registered for mca:grim_reaper
[02:13:15] [main/ERROR]: No data fixer registered for mca:crib
[02:13:15] [main/INFO]: Definitely not up to no good
[02:13:15] [main/INFO]: Registered mobs_of_mythology config for auto-sync function
[02:13:15] [main/ERROR]: No data fixer registered for mobs_of_mythology:automaton
[02:13:15] [main/ERROR]: No data fixer registered for mobs_of_mythology:chupacabra
[02:13:15] [main/ERROR]: No data fixer registered for mobs_of_mythology:kobold
[02:13:15] [main/ERROR]: No data fixer registered for mobs_of_mythology:kobold_warrior
[02:13:15] [main/ERROR]: No data fixer registered for mobs_of_mythology:drake
[02:13:15] [main/ERROR]: No data fixer registered for mobs_of_mythology:sporeling
[02:13:15] [main/ERROR]: No data fixer registered for mobs_of_mythology:basilisk
[02:13:15] [main/ERROR]: No data fixer registered for mobs_of_mythology:pegasus
[02:13:15] [main/INFO]: [STDOUT]: No matching files were found.
[02:13:15] [main/INFO]: Loaded config moonlight-common.json
[02:13:15] [main/INFO]: Loading Noisium.
[02:13:15] [main/INFO]: Hello Fabric world!
[02:13:15] [main/INFO]: This custom packet isn't supported by Gadget - Add support via DrawPacketHandler.EVENT
[02:13:15] [main/INFO]: Constructing common components for pickupnotifier:main
[02:13:15] [main/INFO]: [Ping-Wheel] Init
[02:13:15] [main/INFO]: [Ping-Wheel] Loaded ServerConfig(defaultChannelMode=auto, playerTrackingEnabled=true, msToRegenerate=1000, rateLimit=5)
[02:13:15] [main/INFO]: Loading mod pointblank
[02:13:16] [main/INFO]: [STDERR]: java.nio.file.NoSuchFileException: /workspaces/sturdy-octo-rotary-phonePrueba2/servidor_minecraft/pointblank
[02:13:16] [main/INFO]: [STDERR]: 	at java.base/sun.nio.fs.UnixException.translateToIOException(UnixException.java:92)
[02:13:16] [main/INFO]: [STDERR]: 	at java.base/sun.nio.fs.UnixException.asIOException(UnixException.java:115)
[02:13:16] [main/INFO]: [STDERR]: 	at java.base/sun.nio.fs.UnixFileSystemProvider.newDirectoryStream(UnixFileSystemProvider.java:501)
[02:13:16] [main/INFO]: [STDERR]: 	at java.base/java.nio.file.Files.newDirectoryStream(Files.java:482)
[02:13:16] [main/INFO]: [STDERR]: 	at knot//com.vicmatskiv.pointblank.registry.ExtensionRegistry.scanExtensions(ExtensionRegistry.java:426)
[02:13:16] [main/INFO]: [STDERR]: 	at knot//com.vicmatskiv.pointblank.registry.ExtensionRegistry.discoverExtensions(ExtensionRegistry.java:263)
[02:13:16] [main/INFO]: [STDERR]: 	at knot//com.vicmatskiv.pointblank.PointBlankInitializer.init(PointBlankInitializer.java:37)
[02:13:16] [main/INFO]: [STDERR]: 	at knot//com.vicmatskiv.pointblank.PointBlankMod.onInitialize(PointBlankMod.java:9)
[02:13:16] [main/INFO]: [STDERR]: 	at net.fabricmc.loader.impl.FabricLoaderImpl.invokeEntrypoints(FabricLoaderImpl.java:405)
[02:13:16] [main/INFO]: [STDERR]: 	at net.fabricmc.loader.impl.game.minecraft.Hooks.startServer(Hooks.java:63)
[02:13:16] [main/INFO]: [STDERR]: 	at knot//net.minecraft.server.Main.main(Main.java:111)
[02:13:16] [main/INFO]: [STDERR]: 	at net.fabricmc.loader.impl.game.minecraft.MinecraftGameProvider.launch(MinecraftGameProvider.java:514)
[02:13:16] [main/INFO]: [STDERR]: 	at net.fabricmc.loader.impl.launch.knot.Knot.launch(Knot.java:72)
[02:13:16] [main/INFO]: [STDERR]: 	at net.fabricmc.loader.impl.launch.knot.KnotServer.main(KnotServer.java:23)
[02:13:16] [main/INFO]: [STDERR]: 	at net.fabricmc.loader.impl.launch.server.FabricServerLauncher.main(FabricServerLauncher.java:69)
[02:13:16] [main/ERROR]: No data fixer registered for javelin_rocket
[02:13:16] [main/ERROR]: No data fixer registered for grenade
[02:13:16] [main/ERROR]: No data fixer registered for at4_rocket
[02:13:16] [main/ERROR]: No data fixer registered for grenade40mm
[02:13:16] [main/ERROR]: No data fixer registered for grenade20mm
[02:13:16] [main/ERROR]: No data fixer registered for smaw_rocket
[02:13:16] [main/INFO]: Constructing common components for puzzleslib:main
[02:13:16] [main/INFO]: Registering C2S receiver with id quickskin:upload_texture
[02:13:16] [main/INFO]: Registering C2S receiver with id quickskin:update_appearance
[02:13:16] [main/INFO]: Registering C2S receiver with id quickskin:request_texture
[02:13:16] [main/INFO]: Registering C2S receiver with id quickskin:texture_chunk
[02:13:16] [main/INFO]: Registering C2S receiver with id quickskin:upload_animation_metadata
[02:13:16] [main/INFO]: Registering C2S receiver with id quickskin:update_server_config
[02:13:16] [main/INFO]: Registered synced data key refurbished_furniture:lock_yaw for refurbished_furniture:seat
[02:13:16] [main/INFO]: Updated config file at /workspaces/sturdy-octo-rotary-phonePrueba2/servidor_minecraft/config/rightclickharvest.json5
[02:13:16] [main/INFO]: Initializing Right Click Harvest on FABRIC
[02:13:16] [main/INFO]: Registering items for rusticdelight
[02:13:16] [main/INFO]: Registering blocks for rusticdelight
[02:13:16] [main/INFO]: Registering potions for rusticdelight
[02:13:16] [main/INFO]: Registering biome modifications for rusticdelight
[02:13:16] [main/INFO]: Registering placement modifiers for rusticdelight
[02:13:16] [main/INFO]: Registering item group for rusticdelight
[02:13:16] [main/INFO]: [ServerCore] Loaded V1.5.10+1.21.1!
[02:13:16] [main/INFO]: Initializing Silk
[02:13:16] [main/INFO]: Backported spears!
[02:13:16] [main/INFO]: Loaded config supplementaries-common.json
[02:13:16] [main/INFO]: Deserializing ItTakesPillageConfig from 'config/takesapillage.json'
[02:13:17] [main/INFO]: Registered region minecraft:overworld to index 0 for type OVERWORLD
[02:13:17] [main/INFO]: Registered region minecraft:nether to index 0 for type NETHER
[02:13:17] [main/INFO]: Registered region biomesoplenty:overworld_primary to index 1 for type OVERWORLD
[02:13:17] [main/INFO]: Registered region biomesoplenty:overworld_secondary to index 2 for type OVERWORLD
[02:13:17] [main/INFO]: Registered region biomesoplenty:overworld_rare to index 3 for type OVERWORLD
[02:13:17] [main/INFO]: Registered region biomesoplenty:nether_common to index 1 for type NETHER
[02:13:17] [main/INFO]: Registered region biomesoplenty:nether_rare to index 2 for type NETHER
[02:13:17] [main/INFO]: Registered region fishofthieves:tropical_island to index 4 for type OVERWORLD
[02:13:17] [main/INFO]: Registered region vanillabackport:overworld to index 5 for type OVERWORLD
[02:13:17] [main/INFO]: Constructing common components for tinyskeletons:main
[02:13:17] [main/ERROR]: No data fixer registered for baby_skeleton
[02:13:17] [main/ERROR]: No data fixer registered for baby_wither_skeleton
[02:13:17] [main/ERROR]: No data fixer registered for baby_stray
[02:13:17] [main/ERROR]: No data fixer registered for baby_bogged
[02:13:17] [main/ERROR]: No data fixer registered for mushroom
[02:13:17] [main/ERROR]: No data fixer registered for 
[02:13:17] [main/INFO]: Registered the FluidEffect with Unique ID of minecraft:water for Water (Fluid Amount Required: 81000) with the ID 0
[02:13:17] [main/INFO]: Registered the FluidEffect with Unique ID of minecraft:lava for Lava (Fluid Amount Required: 81000) with the ID 1
[02:13:17] [main/INFO]: Registered the FluidEffect with Unique ID of travelersbackpack:potion for block.travelersbackpack.potion_still (Fluid Amount Required: 27000) with the ID 2
[02:13:17] [main/INFO]: Registered the FluidEffect with Unique ID of minecraft:milk for Air (Fluid Amount Required: 81000) with the ID 3
[02:13:17] [main/INFO]: [STDOUT]: TxniLib onInitialize!
[02:13:17] [main/ERROR]: No data fixer registered for creaking
[02:13:17] [main/ERROR]: No data fixer registered for happy_ghast
[02:13:17] [main/ERROR]: No data fixer registered for pale_oak_boat
[02:13:17] [main/ERROR]: No data fixer registered for pale_oak_chest_boat
[02:13:17] [main/INFO]: Deserializing VariantsAndVenturesConfig from 'config/variantsandventures.json'
[02:13:17] [main/INFO]: Veinminer Version: 2.4.2 (fabric)
[02:13:17] [main/INFO]: [Collective] JSON file 'entity_names.json' generation requested by mod 'villagernames'.
[02:13:17] [main/INFO]: Constructing common components for visualworkbench:main
[02:13:17] [main/INFO]: Dispatching loading event for config visualworkbench-common.toml
[02:13:17] [main/INFO]: [voicechat] Compatibility version 20
[02:13:17] [main/INFO]: [voicechat] Loading plugins
[02:13:17] [main/INFO]: [voicechat] Loaded 2 plugin(s)
[02:13:17] [main/INFO]: [voicechat] Initializing plugins
[02:13:17] [main/INFO]: [voicechat] Initialized 2 plugin(s)
[02:13:17] [main/INFO]: [voicechat] Registering events for 'pingwheel'
[02:13:17] [main/INFO]: [voicechat] Registering events for 'vcinteraction'
[02:13:17] [DefaultDispatcher-worker-1/INFO]: [STDOUT]: [VeinminerUpdater] veinminer is up to date
[02:13:17] [main/INFO]: [STDOUT]: Initialize WeaponMaster
[02:13:18] [main/ERROR]: No data fixer registered for wildernature:termite
[02:13:18] [main/ERROR]: No data fixer registered for wildernature:bison
[02:13:18] [main/ERROR]: No data fixer registered for wildernature:boar
[02:13:18] [main/ERROR]: No data fixer registered for wildernature:cassowary
[02:13:18] [main/ERROR]: No data fixer registered for wildernature:deer
[02:13:18] [main/ERROR]: No data fixer registered for wildernature:dog
[02:13:18] [main/ERROR]: No data fixer registered for wildernature:flamingo
[02:13:18] [main/ERROR]: No data fixer registered for wildernature:hedgehog
[02:13:18] [main/ERROR]: No data fixer registered for wildernature:minisheep
[02:13:18] [main/ERROR]: No data fixer registered for wildernature:owl
[02:13:18] [main/ERROR]: No data fixer registered for wildernature:pelican
[02:13:18] [main/ERROR]: No data fixer registered for wildernature:penguin
[02:13:18] [main/ERROR]: No data fixer registered for wildernature:raccoon
[02:13:18] [main/ERROR]: No data fixer registered for wildernature:red_wolf
[02:13:18] [main/ERROR]: No data fixer registered for wildernature:squirrel
[02:13:18] [main/ERROR]: No data fixer registered for wildernature:turkey
[02:13:18] [main/ERROR]: No data fixer registered for wildernature:bullet
[02:13:18] [main/INFO]: Got request to register class com.sk89q.worldedit.fabric.FabricPlatform with WorldEdit [com.sk89q.worldedit.extension.platform.PlatformManager@2159b180]
[02:13:18] [main/INFO]: WorldEdit for Fabric (version 7.3.8+6939-7d32b45) is loaded
[02:13:18] [main/INFO]: Reflections took 1 ms to scan 1 urls, producing 1 keys and 3 values
[02:13:18] [main/INFO]: Reflections took 1 ms to scan 1 urls, producing 1 keys and 3 values
[02:13:18] [main/ERROR]: No data fixer registered for medium_dragon_fireball
[02:13:18] [main/ERROR]: No data fixer registered for medium_fireball
[02:13:18] [main/ERROR]: No data fixer registered for falling_lantern
[02:13:18] [main/ERROR]: No data fixer registered for dispenser_minecart
[02:13:18] [main/ERROR]: No data fixer registered for plunderer
[02:13:18] [main/ERROR]: No data fixer registered for falling_urn
[02:13:18] [main/ERROR]: No data fixer registered for falling_ash
[02:13:18] [main/ERROR]: No data fixer registered for falling_sack
[02:13:18] [main/ERROR]: No data fixer registered for brick_projectile
[02:13:18] [main/ERROR]: No data fixer registered for slimeball_projectile
[02:13:18] [main/ERROR]: No data fixer registered for bomb
[02:13:18] [main/ERROR]: No data fixer registered for cannonball
[02:13:18] [main/ERROR]: No data fixer registered for rope_arrow
[02:13:18] [main/ERROR]: No data fixer registered for slingshot_projectile
[02:13:18] [main/ERROR]: No data fixer registered for cannon_boat
[02:13:18] [main/INFO]: Initialized block sets in 33ms
[02:13:19] [main/INFO]: Loaded config amendments-client.json
[02:13:19] [main/INFO]: Initialized color sets in 49ms
[02:13:19] [main/INFO]: Finished mod setup in: [0, 0, 0, 0, 0, 0] ms
[02:13:19] [main/ERROR]: Registry 'minecraft:wolf_sound_variant' was empty after loading
[02:13:19] [main/ERROR]: Registry 'minecraft:cow_variant' was empty after loading
[02:13:19] [main/ERROR]: Registry 'minecraft:chicken_variant' was empty after loading
[02:13:19] [main/ERROR]: Registry 'minecraft:pig_variant' was empty after loading
[02:13:19] [main/ERROR]: Registry 'vanillabackport:frog_variant' was empty after loading
[02:13:19] [main/ERROR]: Registry 'vanillabackport:wolf_variant' was empty after loading
[02:13:19] [main/ERROR]: Registry 'vanillabackport:cat_variant' was empty after loading
[02:13:19] [main/INFO]: Environment: Environment[sessionHost=https://sessionserver.mojang.com, servicesHost=https://api.minecraftservices.com, name=PROD]
[02:13:19] [main/INFO]: Added new enum to class net.minecraft.class_4284: FISHOFTHIEVES_SAVED_BAIT_PRESERVE
[02:13:19] [main/INFO]: Resource cache state for SERVER_DATA: needs regeneration
[02:13:19] [main/INFO]: Deleting directory: /workspaces/sturdy-octo-rotary-phonePrueba2/servidor_minecraft/dynamic-data-pack-cache/supplementaries-generated_pack
[02:13:19] [main/INFO]: Cleared cache pack resources at /workspaces/sturdy-octo-rotary-phonePrueba2/servidor_minecraft/dynamic-data-pack-cache/supplementaries-generated_pack in 2.962 ms
[02:13:19] [main/INFO]: Starting runtime resource generation for pack type SERVER_DATA with generators [supplementaries:generated_pack]
[02:13:19] [main/INFO]: Regenerating Dynamic SERVER_DATA Resources Provider [supplementaries:generated_pack], requested by strategy CACHED
[02:13:19] [pool-4-thread-1/WARN]: Could not find Sign for wood dawnoftimebuilder:charred_spruce. Does this block even exist? It should! Skipping way sign recipe generation
[02:13:19] [pool-4-thread-1/WARN]: Could not find Sign for wood dawnoftimebuilder:waxed_oak. Does this block even exist? It should! Skipping way sign recipe generation
[02:13:19] [main/INFO]: Generated runtime SERVER_DATA for pack supplementaries:generated_pack in 65.65 ms
[02:13:19] [main/INFO]: Populated search tree for pack at /workspaces/sturdy-octo-rotary-phonePrueba2/servidor_minecraft/dynamic-data-pack-cache/supplementaries-generated_pack in 2.805 ms
[02:13:19] [main/INFO]: Finished runtime resources generation for 1 packs in a total of 77.18 ms 
[02:13:20] [main/INFO]: StructureSet modified for minecraft:village : Now using custom village configuration (can be disabled in the better villages config: boolean.villages.enabled_custom_config).
[02:13:22] [Worker-Main-3/WARN]: Found loot table element validation problem in {minecraft:loot_table/minecraft:chests/pillager_outpost}.pools[8].entries[0]: Unknown loot table called supplementaries:inject/pillager_quiver
[02:13:22] [Worker-Main-3/WARN]: Found loot table element validation problem in {minecraft:loot_table/supplementaries:loot/galleon/safe}.pools[0].entries[3]: Unreachable entry!
[02:13:22] [Worker-Main-3/WARN]: Found loot table element validation problem in {minecraft:loot_table/supplementaries:loot/galleon/safe}.pools[2].entries[1]: Unreachable entry!
[02:13:22] [Worker-Main-3/WARN]: Found loot table element validation problem in {minecraft:loot_table/dungeons_arise:chests/illager_campsite/illager_campsite_tent}.pools[5].entries[0]->{minecraft:chests/pillager_outpost}.pools[8].entries[0]: Unknown loot table called supplementaries:inject/pillager_quiver
[02:13:22] [Worker-Main-3/WARN]: Found loot table element validation problem in {minecraft:loot_table/dungeons_arise:chests/illager_campsite/illager_campsite_map}.pools[7].entries[0]->{minecraft:chests/pillager_outpost}.pools[8].entries[0]: Unknown loot table called supplementaries:inject/pillager_quiver
[02:13:22] [Worker-Main-3/INFO]: Command '/livingthings' registered
[02:13:22] [Worker-Main-3/INFO]: Registering commands with com.sk89q.worldedit.fabric.FabricPlatform
[02:13:22] [Worker-Main-3/INFO]: Loaded config for: connectivity.json
[02:13:22] [Worker-Main-2/ERROR]: Couldn't load tag enderitemod:enderite_items as it is missing following references: enderitemod:enderite_spear (from spears)
[02:13:22] [Worker-Main-3/ERROR]: Couldn't read tag list minecraft:village_plains from minecraft:tags/worldgen/biome/village_plains.json in data pack mr_epic_structuresvillages
java.lang.IllegalStateException: Failed to parse either. First: Failed to deserialize object: Missing string key 'type'!; Second: Failed to parse either. First: Not a string: {"id":"regions_unexplored:regions_unexplored:rocky_meadow","required":false}; Second: Not a valid resource location: regions_unexplored:regions_unexplored:rocky_meadow Non [a-z0-9/._-] character in path of location: regions_unexplored:regions_unexplored:rocky_meadow; Failed to parse either. First: Failed to deserialize object: Missing string key 'type'!; Second: Failed to parse either. First: Not a string: {"id":"regions_unexplored:regions_unexplored:shrubland","required":false}; Second: Not a valid resource location: regions_unexplored:regions_unexplored:shrubland Non [a-z0-9/._-] character in path of location: regions_unexplored:regions_unexplored:shrubland
	at knot/com.mojang.serialization.DataResult$Error.md7b9d3c$owo$lambda$addStackTraceToException$0$0(DataResult.java:565) ~[datafixerupper-8.0.16.jar:?]
	at knot/com.mojang.serialization.DataResult$Error.getOrThrow(DataResult.java:287) ~[datafixerupper-8.0.16.jar:?]
	at knot/com.mojang.serialization.DataResult.getOrThrow(DataResult.java:81) ~[datafixerupper-8.0.16.jar:?]
	at knot/net.minecraft.class_3503.method_33174(class_3503.java:53) ~[server-intermediary.jar:?]
	at knot/net.minecraft.class_3503.method_33176(class_3503.java:128) ~[server-intermediary.jar:?]
	at knot/net.minecraft.class_3505.method_33181(class_3505.java:46) ~[server-intermediary.jar:?]
	at java.base/java.util.concurrent.CompletableFuture$AsyncSupply.run(CompletableFuture.java:1768) [?:?]
	at java.base/java.util.concurrent.CompletableFuture$AsyncSupply.exec(CompletableFuture.java:1760) [?:?]
	at java.base/java.util.concurrent.ForkJoinTask.doExec(ForkJoinTask.java:387) [?:?]
	at java.base/java.util.concurrent.ForkJoinPool$WorkQueue.topLevelExec(ForkJoinPool.java:1312) [?:?]
	at java.base/java.util.concurrent.ForkJoinPool.scan(ForkJoinPool.java:1843) [?:?]
	at java.base/java.util.concurrent.ForkJoinPool.runWorker(ForkJoinPool.java:1808) [?:?]
	at java.base/java.util.concurrent.ForkJoinWorkerThread.run(ForkJoinWorkerThread.java:188) [?:?]
[02:13:22] [Worker-Main-3/ERROR]: Couldn't read tag list minecraft:village_snowy from minecraft:tags/worldgen/biome/village_snowy.json in data pack mr_epic_structuresvillages
com.google.gson.JsonSyntaxException: com.google.gson.stream.MalformedJsonException: Expected ':' at line 8 column 8 path $.values[3].o
	at knot/com.google.gson.internal.Streams.parse(Streams.java:61) ~[gson-2.10.1.jar:?]
	at knot/com.google.gson.JsonParser.parseReader(JsonParser.java:102) ~[gson-2.10.1.jar:?]
	at knot/com.google.gson.JsonParser.parseReader(JsonParser.java:70) ~[gson-2.10.1.jar:?]
	at knot/net.minecraft.class_3503.method_33174(class_3503.java:51) ~[server-intermediary.jar:?]
	at knot/net.minecraft.class_3503.method_33176(class_3503.java:128) ~[server-intermediary.jar:?]
	at knot/net.minecraft.class_3505.method_33181(class_3505.java:46) ~[server-intermediary.jar:?]
	at java.base/java.util.concurrent.CompletableFuture$AsyncSupply.run(CompletableFuture.java:1768) [?:?]
	at java.base/java.util.concurrent.CompletableFuture$AsyncSupply.exec(CompletableFuture.java:1760) [?:?]
	at java.base/java.util.concurrent.ForkJoinTask.doExec(ForkJoinTask.java:387) [?:?]
	at java.base/java.util.concurrent.ForkJoinPool$WorkQueue.topLevelExec(ForkJoinPool.java:1312) [?:?]
	at java.base/java.util.concurrent.ForkJoinPool.scan(ForkJoinPool.java:1843) [?:?]
	at java.base/java.util.concurrent.ForkJoinPool.runWorker(ForkJoinPool.java:1808) [?:?]
	at java.base/java.util.concurrent.ForkJoinWorkerThread.run(ForkJoinWorkerThread.java:188) [?:?]
Caused by: com.google.gson.stream.MalformedJsonException: Expected ':' at line 8 column 8 path $.values[3].o
	at knot/com.google.gson.stream.JsonReader.syntaxError(JsonReader.java:1659) ~[gson-2.10.1.jar:?]
	at knot/com.google.gson.stream.JsonReader.doPeek(JsonReader.java:539) ~[gson-2.10.1.jar:?]
	at knot/com.google.gson.stream.JsonReader.peek(JsonReader.java:433) ~[gson-2.10.1.jar:?]
	at knot/com.google.gson.internal.bind.TypeAdapters$28.read(TypeAdapters.java:786) ~[gson-2.10.1.jar:?]
	at knot/com.google.gson.internal.bind.TypeAdapters$28.read(TypeAdapters.java:725) ~[gson-2.10.1.jar:?]
	at knot/com.google.gson.internal.Streams.parse(Streams.java:49) ~[gson-2.10.1.jar:?]
	... 12 more
[02:13:24] [main/ERROR]: Parsing error loading recipe minecraft:copper_spear
com.google.gson.JsonParseException: Unknown registry key in ResourceKey[minecraft:root / minecraft:item]: minecraft:copper_spear
	at knot/com.mojang.serialization.DataResult$Error.md7b9d3c$owo$lambda$addStackTraceToException$0$0(DataResult.java:565) ~[datafixerupper-8.0.16.jar:?]
	at knot/com.mojang.serialization.DataResult$Error.getOrThrow(DataResult.java:287) ~[datafixerupper-8.0.16.jar:?]
	at knot/net.minecraft.class_1863.method_20705(class_1863.java:62) ~[server-intermediary.jar:?]
	at knot/net.minecraft.class_1863.method_18788(class_1863.java:35) ~[server-intermediary.jar:?]
	at knot/net.minecraft.class_4080.method_18790(class_4080.java:13) ~[server-intermediary.jar:?]
	at java.base/java.util.concurrent.CompletableFuture$UniAccept.tryFire(CompletableFuture.java:718) ~[?:?]
	at java.base/java.util.concurrent.CompletableFuture$Completion.run(CompletableFuture.java:482) ~[?:?]
	at knot/net.minecraft.class_4014.method_18365(class_4014.java:69) ~[server-intermediary.jar:?]
	at knot/net.minecraft.class_156.method_43498(class_156.java:1024) [server-intermediary.jar:?]
	at knot/net.minecraft.class_156.method_43499(class_156.java:1012) [server-intermediary.jar:?]
	at knot/net.minecraft.server.Main.main(Main.java:182) [server-intermediary.jar:?]
	at net.fabricmc.loader.impl.game.minecraft.MinecraftGameProvider.launch(MinecraftGameProvider.java:514) [fabric-loader-0.18.4.jar:?]
	at net.fabricmc.loader.impl.launch.knot.Knot.launch(Knot.java:72) [fabric-loader-0.18.4.jar:?]
	at net.fabricmc.loader.impl.launch.knot.KnotServer.main(KnotServer.java:23) [fabric-loader-0.18.4.jar:?]
	at net.fabricmc.loader.impl.launch.server.FabricServerLauncher.main(FabricServerLauncher.java:69) [fabric-loader-0.18.4.jar:?]
[02:13:24] [main/ERROR]: Parsing error loading recipe enderitemod:enderite_spear
com.google.gson.JsonParseException: Unknown registry key in ResourceKey[minecraft:root / minecraft:item]: enderitemod:enderite_spear; Failed to parse either. First: Input does not contain a key [fabric:type]: MapLike[{"item":"enderitemod:enderite_ingot"}]; Second: Failed to parse either. First: Not a json array: {"item":"enderitemod:enderite_ingot"}; Second: No key tag in MapLike[{"item":"enderitemod:enderite_ingot"}]; Unknown registry key in ResourceKey[minecraft:root / minecraft:item]: enderitemod:enderite_ingot; Failed to parse either. First: Input does not contain a key [fabric:type]: MapLike[{"item":"enderitemod:enderite_upgrade_smithing_template"}]; Second: Failed to parse either. First: Not a json array: {"item":"enderitemod:enderite_upgrade_smithing_template"}; Second: No key tag in MapLike[{"item":"enderitemod:enderite_upgrade_smithing_template"}]; Unknown registry key in ResourceKey[minecraft:root / minecraft:item]: enderitemod:enderite_upgrade_smithing_template
	at knot/com.mojang.serialization.DataResult$Error.md7b9d3c$owo$lambda$addStackTraceToException$0$0(DataResult.java:565) ~[datafixerupper-8.0.16.jar:?]
	at knot/com.mojang.serialization.DataResult$Error.getOrThrow(DataResult.java:287) ~[datafixerupper-8.0.16.jar:?]
	at knot/net.minecraft.class_1863.method_20705(class_1863.java:62) ~[server-intermediary.jar:?]
	at knot/net.minecraft.class_1863.method_18788(class_1863.java:35) ~[server-intermediary.jar:?]
	at knot/net.minecraft.class_4080.method_18790(class_4080.java:13) ~[server-intermediary.jar:?]
	at java.base/java.util.concurrent.CompletableFuture$UniAccept.tryFire(CompletableFuture.java:718) ~[?:?]
	at java.base/java.util.concurrent.CompletableFuture$Completion.run(CompletableFuture.java:482) ~[?:?]
	at knot/net.minecraft.class_4014.method_18365(class_4014.java:69) ~[server-intermediary.jar:?]
	at knot/net.minecraft.class_156.method_43498(class_156.java:1024) [server-intermediary.jar:?]
	at knot/net.minecraft.class_156.method_43499(class_156.java:1012) [server-intermediary.jar:?]
	at knot/net.minecraft.server.Main.main(Main.java:182) [server-intermediary.jar:?]
	at net.fabricmc.loader.impl.game.minecraft.MinecraftGameProvider.launch(MinecraftGameProvider.java:514) [fabric-loader-0.18.4.jar:?]
	at net.fabricmc.loader.impl.launch.knot.Knot.launch(Knot.java:72) [fabric-loader-0.18.4.jar:?]
	at net.fabricmc.loader.impl.launch.knot.KnotServer.main(KnotServer.java:23) [fabric-loader-0.18.4.jar:?]
	at net.fabricmc.loader.impl.launch.server.FabricServerLauncher.main(FabricServerLauncher.java:69) [fabric-loader-0.18.4.jar:?]
[02:13:24] [main/ERROR]: Parsing error loading recipe dawnoftimebuilder:white_cushion
com.google.gson.JsonParseException: No key id in MapLike[{"item":"dawnoftimebuilder:white_cushion","count":4}]
	at knot/com.mojang.serialization.DataResult$Error.md7b9d3c$owo$lambda$addStackTraceToException$0$0(DataResult.java:565) ~[datafixerupper-8.0.16.jar:?]
	at knot/com.mojang.serialization.DataResult$Error.getOrThrow(DataResult.java:287) ~[datafixerupper-8.0.16.jar:?]
	at knot/net.minecraft.class_1863.method_20705(class_1863.java:62) ~[server-intermediary.jar:?]
	at knot/net.minecraft.class_1863.method_18788(class_1863.java:35) ~[server-intermediary.jar:?]
	at knot/net.minecraft.class_4080.method_18790(class_4080.java:13) ~[server-intermediary.jar:?]
	at java.base/java.util.concurrent.CompletableFuture$UniAccept.tryFire(CompletableFuture.java:718) ~[?:?]
	at java.base/java.util.concurrent.CompletableFuture$Completion.run(CompletableFuture.java:482) ~[?:?]
	at knot/net.minecraft.class_4014.method_18365(class_4014.java:69) ~[server-intermediary.jar:?]
	at knot/net.minecraft.class_156.method_43498(class_156.java:1024) [server-intermediary.jar:?]
	at knot/net.minecraft.class_156.method_43499(class_156.java:1012) [server-intermediary.jar:?]
	at knot/net.minecraft.server.Main.main(Main.java:182) [server-intermediary.jar:?]
	at net.fabricmc.loader.impl.game.minecraft.MinecraftGameProvider.launch(MinecraftGameProvider.java:514) [fabric-loader-0.18.4.jar:?]
	at net.fabricmc.loader.impl.launch.knot.Knot.launch(Knot.java:72) [fabric-loader-0.18.4.jar:?]
	at net.fabricmc.loader.impl.launch.knot.KnotServer.main(KnotServer.java:23) [fabric-loader-0.18.4.jar:?]
	at net.fabricmc.loader.impl.launch.server.FabricServerLauncher.main(FabricServerLauncher.java:69) [fabric-loader-0.18.4.jar:?]
[02:13:24] [main/ERROR]: Parsing error loading recipe pointblank:g3
com.google.gson.JsonParseException: No key tag in MapLike[{"count":5,"id":"minecraft:gold_ingot"}]; No key item in MapLike[{"count":5,"id":"minecraft:gold_ingot"}]; No key tag in MapLike[{"count":9,"id":"minecraft:iron_ingot"}]; No key item in MapLike[{"count":9,"id":"minecraft:iron_ingot"}]
	at knot/com.mojang.serialization.DataResult$Error.md7b9d3c$owo$lambda$addStackTraceToException$0$0(DataResult.java:565) ~[datafixerupper-8.0.16.jar:?]
	at knot/com.mojang.serialization.DataResult$Error.getOrThrow(DataResult.java:287) ~[datafixerupper-8.0.16.jar:?]
	at knot/net.minecraft.class_1863.method_20705(class_1863.java:62) ~[server-intermediary.jar:?]
	at knot/net.minecraft.class_1863.method_18788(class_1863.java:35) ~[server-intermediary.jar:?]
	at knot/net.minecraft.class_4080.method_18790(class_4080.java:13) ~[server-intermediary.jar:?]
	at java.base/java.util.concurrent.CompletableFuture$UniAccept.tryFire(CompletableFuture.java:718) ~[?:?]
	at java.base/java.util.concurrent.CompletableFuture$Completion.run(CompletableFuture.java:482) ~[?:?]
	at knot/net.minecraft.class_4014.method_18365(class_4014.java:69) ~[server-intermediary.jar:?]
	at knot/net.minecraft.class_156.method_43498(class_156.java:1024) [server-intermediary.jar:?]
	at knot/net.minecraft.class_156.method_43499(class_156.java:1012) [server-intermediary.jar:?]
	at knot/net.minecraft.server.Main.main(Main.java:182) [server-intermediary.jar:?]
	at net.fabricmc.loader.impl.game.minecraft.MinecraftGameProvider.launch(MinecraftGameProvider.java:514) [fabric-loader-0.18.4.jar:?]
	at net.fabricmc.loader.impl.launch.knot.Knot.launch(Knot.java:72) [fabric-loader-0.18.4.jar:?]
	at net.fabricmc.loader.impl.launch.knot.KnotServer.main(KnotServer.java:23) [fabric-loader-0.18.4.jar:?]
	at net.fabricmc.loader.impl.launch.server.FabricServerLauncher.main(FabricServerLauncher.java:69) [fabric-loader-0.18.4.jar:?]
[02:13:24] [main/ERROR]: Parsing error loading recipe spears:copper_nugget_from_blasting_spear
com.google.gson.JsonParseException: Unknown registry key in ResourceKey[minecraft:root / minecraft:item]: minecraft:copper_nugget; Failed to parse either. First: Not a JSON object: [{"item":"minecraft:copper_spear"}]; Second: Failed to parse either. First: No key tag in MapLike[{"item":"minecraft:copper_spear"}]; Unknown registry key in ResourceKey[minecraft:root / minecraft:item]: minecraft:copper_spear; Item array cannot be empty, at least one item must be defined; Second: Not a JSON object: [{"item":"minecraft:copper_spear"}]; Not a JSON object: [{"item":"minecraft:copper_spear"}]
	at knot/com.mojang.serialization.DataResult$Error.md7b9d3c$owo$lambda$addStackTraceToException$0$0(DataResult.java:565) ~[datafixerupper-8.0.16.jar:?]
	at knot/com.mojang.serialization.DataResult$Error.getOrThrow(DataResult.java:287) ~[datafixerupper-8.0.16.jar:?]
	at knot/net.minecraft.class_1863.method_20705(class_1863.java:62) ~[server-intermediary.jar:?]
	at knot/net.minecraft.class_1863.method_18788(class_1863.java:35) ~[server-intermediary.jar:?]
	at knot/net.minecraft.class_4080.method_18790(class_4080.java:13) ~[server-intermediary.jar:?]
	at java.base/java.util.concurrent.CompletableFuture$UniAccept.tryFire(CompletableFuture.java:718) ~[?:?]
	at java.base/java.util.concurrent.CompletableFuture$Completion.run(CompletableFuture.java:482) ~[?:?]
	at knot/net.minecraft.class_4014.method_18365(class_4014.java:69) ~[server-intermediary.jar:?]
	at knot/net.minecraft.class_156.method_43498(class_156.java:1024) [server-intermediary.jar:?]
	at knot/net.minecraft.class_156.method_43499(class_156.java:1012) [server-intermediary.jar:?]
	at knot/net.minecraft.server.Main.main(Main.java:182) [server-intermediary.jar:?]
	at net.fabricmc.loader.impl.game.minecraft.MinecraftGameProvider.launch(MinecraftGameProvider.java:514) [fabric-loader-0.18.4.jar:?]
	at net.fabricmc.loader.impl.launch.knot.Knot.launch(Knot.java:72) [fabric-loader-0.18.4.jar:?]
	at net.fabricmc.loader.impl.launch.knot.KnotServer.main(KnotServer.java:23) [fabric-loader-0.18.4.jar:?]
	at net.fabricmc.loader.impl.launch.server.FabricServerLauncher.main(FabricServerLauncher.java:69) [fabric-loader-0.18.4.jar:?]
[02:13:24] [main/ERROR]: Parsing error loading recipe spears:copper_nugget_from_smelting_spear
com.google.gson.JsonParseException: Unknown registry key in ResourceKey[minecraft:root / minecraft:item]: minecraft:copper_nugget; Failed to parse either. First: Not a JSON object: [{"item":"minecraft:copper_spear"}]; Second: Failed to parse either. First: No key tag in MapLike[{"item":"minecraft:copper_spear"}]; Unknown registry key in ResourceKey[minecraft:root / minecraft:item]: minecraft:copper_spear; Item array cannot be empty, at least one item must be defined; Second: Not a JSON object: [{"item":"minecraft:copper_spear"}]; Not a JSON object: [{"item":"minecraft:copper_spear"}]
	at knot/com.mojang.serialization.DataResult$Error.md7b9d3c$owo$lambda$addStackTraceToException$0$0(DataResult.java:565) ~[datafixerupper-8.0.16.jar:?]
	at knot/com.mojang.serialization.DataResult$Error.getOrThrow(DataResult.java:287) ~[datafixerupper-8.0.16.jar:?]
	at knot/net.minecraft.class_1863.method_20705(class_1863.java:62) ~[server-intermediary.jar:?]
	at knot/net.minecraft.class_1863.method_18788(class_1863.java:35) ~[server-intermediary.jar:?]
	at knot/net.minecraft.class_4080.method_18790(class_4080.java:13) ~[server-intermediary.jar:?]
	at java.base/java.util.concurrent.CompletableFuture$UniAccept.tryFire(CompletableFuture.java:718) ~[?:?]
	at java.base/java.util.concurrent.CompletableFuture$Completion.run(CompletableFuture.java:482) ~[?:?]
	at knot/net.minecraft.class_4014.method_18365(class_4014.java:69) ~[server-intermediary.jar:?]
	at knot/net.minecraft.class_156.method_43498(class_156.java:1024) [server-intermediary.jar:?]
	at knot/net.minecraft.class_156.method_43499(class_156.java:1012) [server-intermediary.jar:?]
	at knot/net.minecraft.server.Main.main(Main.java:182) [server-intermediary.jar:?]
	at net.fabricmc.loader.impl.game.minecraft.MinecraftGameProvider.launch(MinecraftGameProvider.java:514) [fabric-loader-0.18.4.jar:?]
	at net.fabricmc.loader.impl.launch.knot.Knot.launch(Knot.java:72) [fabric-loader-0.18.4.jar:?]
	at net.fabricmc.loader.impl.launch.knot.KnotServer.main(KnotServer.java:23) [fabric-loader-0.18.4.jar:?]
	at net.fabricmc.loader.impl.launch.server.FabricServerLauncher.main(FabricServerLauncher.java:69) [fabric-loader-0.18.4.jar:?]
[02:13:24] [main/ERROR]: Parsing error loading recipe mob_drops_recipes_overworld:rotten_flesh
com.google.gson.JsonParseException: Pattern references symbol 'S' but it's not defined in the key
	at knot/com.mojang.serialization.DataResult$Error.md7b9d3c$owo$lambda$addStackTraceToException$0$0(DataResult.java:565) ~[datafixerupper-8.0.16.jar:?]
	at knot/com.mojang.serialization.DataResult$Error.getOrThrow(DataResult.java:287) ~[datafixerupper-8.0.16.jar:?]
	at knot/net.minecraft.class_1863.method_20705(class_1863.java:62) ~[server-intermediary.jar:?]
	at knot/net.minecraft.class_1863.method_18788(class_1863.java:35) ~[server-intermediary.jar:?]
	at knot/net.minecraft.class_4080.method_18790(class_4080.java:13) ~[server-intermediary.jar:?]
	at java.base/java.util.concurrent.CompletableFuture$UniAccept.tryFire(CompletableFuture.java:718) ~[?:?]
	at java.base/java.util.concurrent.CompletableFuture$Completion.run(CompletableFuture.java:482) ~[?:?]
	at knot/net.minecraft.class_4014.method_18365(class_4014.java:69) ~[server-intermediary.jar:?]
	at knot/net.minecraft.class_156.method_43498(class_156.java:1024) [server-intermediary.jar:?]
	at knot/net.minecraft.class_156.method_43499(class_156.java:1012) [server-intermediary.jar:?]
	at knot/net.minecraft.server.Main.main(Main.java:182) [server-intermediary.jar:?]
	at net.fabricmc.loader.impl.game.minecraft.MinecraftGameProvider.launch(MinecraftGameProvider.java:514) [fabric-loader-0.18.4.jar:?]
	at net.fabricmc.loader.impl.launch.knot.Knot.launch(Knot.java:72) [fabric-loader-0.18.4.jar:?]
	at net.fabricmc.loader.impl.launch.knot.KnotServer.main(KnotServer.java:23) [fabric-loader-0.18.4.jar:?]
	at net.fabricmc.loader.impl.launch.server.FabricServerLauncher.main(FabricServerLauncher.java:69) [fabric-loader-0.18.4.jar:?]
[02:13:24] [main/ERROR]: Parsing error loading recipe oreganized:electrum_spear
com.google.gson.JsonParseException: Unknown registry key in ResourceKey[minecraft:root / minecraft:item]: oreganized:electrum_spear; Failed to parse either. First: Input does not contain a key [fabric:type]: MapLike[{"item":"oreganized:electrum_ingot"}]; Second: Failed to parse either. First: Not a json array: {"item":"oreganized:electrum_ingot"}; Second: No key tag in MapLike[{"item":"oreganized:electrum_ingot"}]; Unknown registry key in ResourceKey[minecraft:root / minecraft:item]: oreganized:electrum_ingot; Failed to parse either. First: Input does not contain a key [fabric:type]: MapLike[{"item":"oreganized:electrum_upgrade_smithing_template"}]; Second: Failed to parse either. First: Not a json array: {"item":"oreganized:electrum_upgrade_smithing_template"}; Second: No key tag in MapLike[{"item":"oreganized:electrum_upgrade_smithing_template"}]; Unknown registry key in ResourceKey[minecraft:root / minecraft:item]: oreganized:electrum_upgrade_smithing_template
	at knot/com.mojang.serialization.DataResult$Error.md7b9d3c$owo$lambda$addStackTraceToException$0$0(DataResult.java:565) ~[datafixerupper-8.0.16.jar:?]
	at knot/com.mojang.serialization.DataResult$Error.getOrThrow(DataResult.java:287) ~[datafixerupper-8.0.16.jar:?]
	at knot/net.minecraft.class_1863.method_20705(class_1863.java:62) ~[server-intermediary.jar:?]
	at knot/net.minecraft.class_1863.method_18788(class_1863.java:35) ~[server-intermediary.jar:?]
	at knot/net.minecraft.class_4080.method_18790(class_4080.java:13) ~[server-intermediary.jar:?]
	at java.base/java.util.concurrent.CompletableFuture$UniAccept.tryFire(CompletableFuture.java:718) ~[?:?]
	at java.base/java.util.concurrent.CompletableFuture$Completion.run(CompletableFuture.java:482) ~[?:?]
	at knot/net.minecraft.class_4014.method_18365(class_4014.java:69) ~[server-intermediary.jar:?]
	at knot/net.minecraft.class_156.method_43498(class_156.java:1024) [server-intermediary.jar:?]
	at knot/net.minecraft.class_156.method_43499(class_156.java:1012) [server-intermediary.jar:?]
	at knot/net.minecraft.server.Main.main(Main.java:182) [server-intermediary.jar:?]
	at net.fabricmc.loader.impl.game.minecraft.MinecraftGameProvider.launch(MinecraftGameProvider.java:514) [fabric-loader-0.18.4.jar:?]
	at net.fabricmc.loader.impl.launch.knot.Knot.launch(Knot.java:72) [fabric-loader-0.18.4.jar:?]
	at net.fabricmc.loader.impl.launch.knot.KnotServer.main(KnotServer.java:23) [fabric-loader-0.18.4.jar:?]
	at net.fabricmc.loader.impl.launch.server.FabricServerLauncher.main(FabricServerLauncher.java:69) [fabric-loader-0.18.4.jar:?]
[02:13:24] [main/ERROR]: Parsing error loading recipe ender_dragon_loot:dragon_spear
com.google.gson.JsonParseException: Unknown registry key in ResourceKey[minecraft:root / minecraft:item]: ender_dragon_loot:dragon_spear; Failed to parse either. First: Input does not contain a key [fabric:type]: MapLike[{"item":"ender_dragon_loot:dragon_scale"}]; Second: Failed to parse either. First: Not a json array: {"item":"ender_dragon_loot:dragon_scale"}; Second: No key tag in MapLike[{"item":"ender_dragon_loot:dragon_scale"}]; Unknown registry key in ResourceKey[minecraft:root / minecraft:item]: ender_dragon_loot:dragon_scale; Failed to parse either. First: Input does not contain a key [fabric:type]: MapLike[{"item":"ender_dragon_loot:dragon_upgrade_template"}]; Second: Failed to parse either. First: Not a json array: {"item":"ender_dragon_loot:dragon_upgrade_template"}; Second: No key tag in MapLike[{"item":"ender_dragon_loot:dragon_upgrade_template"}]; Unknown registry key in ResourceKey[minecraft:root / minecraft:item]: ender_dragon_loot:dragon_upgrade_template
	at knot/com.mojang.serialization.DataResult$Error.md7b9d3c$owo$lambda$addStackTraceToException$0$0(DataResult.java:565) ~[datafixerupper-8.0.16.jar:?]
	at knot/com.mojang.serialization.DataResult$Error.getOrThrow(DataResult.java:287) ~[datafixerupper-8.0.16.jar:?]
	at knot/net.minecraft.class_1863.method_20705(class_1863.java:62) ~[server-intermediary.jar:?]
	at knot/net.minecraft.class_1863.method_18788(class_1863.java:35) ~[server-intermediary.jar:?]
	at knot/net.minecraft.class_4080.method_18790(class_4080.java:13) ~[server-intermediary.jar:?]
	at java.base/java.util.concurrent.CompletableFuture$UniAccept.tryFire(CompletableFuture.java:718) ~[?:?]
	at java.base/java.util.concurrent.CompletableFuture$Completion.run(CompletableFuture.java:482) ~[?:?]
	at knot/net.minecraft.class_4014.method_18365(class_4014.java:69) ~[server-intermediary.jar:?]
	at knot/net.minecraft.class_156.method_43498(class_156.java:1024) [server-intermediary.jar:?]
	at knot/net.minecraft.class_156.method_43499(class_156.java:1012) [server-intermediary.jar:?]
	at knot/net.minecraft.server.Main.main(Main.java:182) [server-intermediary.jar:?]
	at net.fabricmc.loader.impl.game.minecraft.MinecraftGameProvider.launch(MinecraftGameProvider.java:514) [fabric-loader-0.18.4.jar:?]
	at net.fabricmc.loader.impl.launch.knot.Knot.launch(Knot.java:72) [fabric-loader-0.18.4.jar:?]
	at net.fabricmc.loader.impl.launch.knot.KnotServer.main(KnotServer.java:23) [fabric-loader-0.18.4.jar:?]
	at net.fabricmc.loader.impl.launch.server.FabricServerLauncher.main(FabricServerLauncher.java:69) [fabric-loader-0.18.4.jar:?]
[02:13:24] [main/ERROR]: Parsing error loading recipe dragonloot:dragon_spear
com.google.gson.JsonParseException: Unknown registry key in ResourceKey[minecraft:root / minecraft:item]: dragonloot:dragon_spear; Failed to parse either. First: Input does not contain a key [fabric:type]: MapLike[{"item":"dragonloot:dragon_scale"}]; Second: Failed to parse either. First: Not a json array: {"item":"dragonloot:dragon_scale"}; Second: No key tag in MapLike[{"item":"dragonloot:dragon_scale"}]; Unknown registry key in ResourceKey[minecraft:root / minecraft:item]: dragonloot:dragon_scale
	at knot/com.mojang.serialization.DataResult$Error.md7b9d3c$owo$lambda$addStackTraceToException$0$0(DataResult.java:565) ~[datafixerupper-8.0.16.jar:?]
	at knot/com.mojang.serialization.DataResult$Error.getOrThrow(DataResult.java:287) ~[datafixerupper-8.0.16.jar:?]
	at knot/net.minecraft.class_1863.method_20705(class_1863.java:62) ~[server-intermediary.jar:?]
	at knot/net.minecraft.class_1863.method_18788(class_1863.java:35) ~[server-intermediary.jar:?]
	at knot/net.minecraft.class_4080.method_18790(class_4080.java:13) ~[server-intermediary.jar:?]
	at java.base/java.util.concurrent.CompletableFuture$UniAccept.tryFire(CompletableFuture.java:718) ~[?:?]
	at java.base/java.util.concurrent.CompletableFuture$Completion.run(CompletableFuture.java:482) ~[?:?]
	at knot/net.minecraft.class_4014.method_18365(class_4014.java:69) ~[server-intermediary.jar:?]
	at knot/net.minecraft.class_156.method_43498(class_156.java:1024) [server-intermediary.jar:?]
	at knot/net.minecraft.class_156.method_43499(class_156.java:1012) [server-intermediary.jar:?]
	at knot/net.minecraft.server.Main.main(Main.java:182) [server-intermediary.jar:?]
	at net.fabricmc.loader.impl.game.minecraft.MinecraftGameProvider.launch(MinecraftGameProvider.java:514) [fabric-loader-0.18.4.jar:?]
	at net.fabricmc.loader.impl.launch.knot.Knot.launch(Knot.java:72) [fabric-loader-0.18.4.jar:?]
	at net.fabricmc.loader.impl.launch.knot.KnotServer.main(KnotServer.java:23) [fabric-loader-0.18.4.jar:?]
	at net.fabricmc.loader.impl.launch.server.FabricServerLauncher.main(FabricServerLauncher.java:69) [fabric-loader-0.18.4.jar:?]
[02:13:24] [main/INFO]: Loaded 7174 recipes
[02:13:24] [main/ERROR]: Parsing error loading custom advancement dungeons_arise:find_illager_corsair_or_illager_galley: No key id in MapLike[{"item":"minecraft:tropical_fish"}]
[02:13:24] [main/ERROR]: Parsing error loading custom advancement dungeons_arise:find_infested_temple_map: No key id in MapLike[{"item":"minecraft:filled_map"}]
[02:13:24] [main/ERROR]: Parsing error loading custom advancement dungeons_arise:find_greenwood_pub: No key id in MapLike[{"item":"minecraft:barrel"}]
[02:13:24] [main/ERROR]: Parsing error loading custom advancement dungeons_arise:find_thornborn_towers: No key id in MapLike[{"item":"minecraft:rose_bush"}]
[02:13:24] [main/ERROR]: Parsing error loading custom advancement dungeons_arise:find_keep_kayra: No key id in MapLike[{"item":"minecraft:lily_pad"}]
[02:13:24] [main/ERROR]: Couldn't load advancements: [minecraft:give_quest_trader_trade, dungeons_arise:find_plague_asylum, minecraft:wander_add_map, dungeons_arise:find_fishing_hut]
[02:13:24] [main/INFO]: Loaded 5222 advancements
[02:13:25] [main/INFO]: Applied 17 data villager trades
[02:13:25] [main/INFO]: Failed to load custom color set definition {"id":"quark:rune","colors":{"default":"quark:blank_rune"},"replace":false}. Ignoring
[02:13:25] [main/INFO]: Failed to load custom color set definition {"id":"quark:shard","colors":{"default":"quark:clear_shard"},"replace":false}. Ignoring
[02:13:25] [ForkJoinPool.commonPool-worker-2/INFO]: Loaded 58 translation keys
[02:13:25] [main/INFO]: Loaded 28 flute songs
[02:13:25] [main/WARN]: Not all defined tags for registry ResourceKey[minecraft:root / minecraft:item] are present in data pack: c:ingots/lead, c:storage_blocks/lead
[02:13:25] [main/WARN]: Not all defined tags for registry ResourceKey[minecraft:root / minecraft:worldgen/biome] are present in data pack: ecologics:has_structure/desert_ruin
[02:13:25] [main/INFO]: Registering custom dispenser behaviors
[02:13:25] [main/WARN]: Initial datapack load took 5.809 s
[02:13:25] [main/INFO]: Initialized TerraBlender biomes for level stem minecraft:overworld
[02:13:25] [main/INFO]: Initialized TerraBlender biomes for level stem minecraft:the_nether
[02:13:26] [main/INFO]: Applied 4429 biome modifications to 238 of 238 new biomes in 389.9 ms
[02:13:26] [Server thread/INFO]: Initialized mcCoroutineScope (MinecraftServer as executor)
[02:13:26] [Server thread/INFO]: Dispatching loading event for config easyanvils-server.toml
[02:13:26] [Server thread/INFO]: Dispatching loading event for config easymagic-server.toml
[02:13:26] [Server thread/INFO]: Dispatching loading event for config iteminteractions-server.toml
[02:13:26] [Server thread/INFO]: Dispatching loading event for config pickupnotifier/pickupnotifier-server.toml
[02:13:26] [Server thread/INFO]: Encoded Weapon Attribute registry size (with package overhead): 3723 bytes (in 1 string chunks with the size of 10000)
[02:13:26] [Server thread/INFO]: Dangerous Mod is ready and loaded!
[02:13:26] [Server thread/INFO]: Loading server configs...
[02:13:26] [Server thread/INFO]: Starting minecraft server version 1.21.1
[02:13:26] [Server thread/INFO]: Loading properties
[02:13:26] [Server thread/INFO]: Default game type: SURVIVAL
[02:13:26] [Server thread/INFO]: Generating keypair
[02:13:26] [Server thread/INFO]: Starting Minecraft server on *:25565
[02:13:26] [Server thread/INFO]: Using epoll channel type
[02:13:26] [Server thread/WARN]: **** SERVER IS RUNNING IN OFFLINE/INSECURE MODE!
[02:13:26] [Server thread/WARN]: The server will make no attempt to authenticate usernames. Beware.
[02:13:26] [Server thread/WARN]: While this makes the game possible to play without internet access, it also opens up the ability for hackers to connect with any username they choose.
[02:13:26] [Server thread/WARN]: To change this, set "online-mode" to "true" in the server.properties file.
[02:13:26] [Server thread/INFO]: Preparing level "worldBackup"
[02:13:26] [Server thread/INFO]: Enforcing safe world random access
[02:13:27] [Server thread/INFO]: Using TheSpeedyObjectFactory with Unsafe
[02:13:40] [Server thread/INFO]: Preparing start region for dimension minecraft:overworld
[02:13:41] [c2me-worker-0/INFO]: Preparing spawn area: 0%
[02:13:41] [c2me-worker-0/INFO]: Preparing spawn area: 0%
[02:13:41] [c2me-worker-1/INFO]: Preparing spawn area: 0%
[02:13:42] [c2me-worker-0/INFO]: Preparing spawn area: 0%
[02:13:44] [minecraft_overworld - Light/INFO]: Preparing spawn area: 0%
[02:13:44] [minecraft_overworld - Light/INFO]: Preparing spawn area: 0%
[02:13:44] [minecraft_overworld - Light/INFO]: Preparing spawn area: 0%
[02:13:44] [minecraft_overworld - Light/INFO]: Preparing spawn area: 0%
[02:13:46] [minecraft_overworld - Light/INFO]: Preparing spawn area: 0%
[02:13:46] [minecraft_overworld - Light/INFO]: Preparing spawn area: 0%
[02:13:46] [minecraft_overworld - Light/INFO]: Preparing spawn area: 0%
[02:13:46] [minecraft_overworld - Light/INFO]: Preparing spawn area: 0%
[02:13:46] [Server thread/INFO]: Preparing spawn area: 77%
[02:13:47] [c2me-worker-0/INFO]: Preparing spawn area: 85%
[02:13:47] [Server thread/INFO]: Time elapsed: 6739 ms
[02:13:47] [Server thread/INFO]: Done (20.620s)! For help, type "help"
[02:13:47] [Server thread/WARN]: Dedicated server took 50.406 seconds to load
[02:13:47] [Server thread/ERROR]: Couldn't load server icon
java.lang.IllegalStateException: Must be 64 pixels wide
	at knot/com.google.common.base.Preconditions.checkState(Preconditions.java:512) ~[guava-32.1.2-jre.jar:?]
	at knot/net.minecraft.server.MinecraftServer.method_49387(MinecraftServer.java:874) ~[server-intermediary.jar:?]
	at java.base/java.util.Optional.flatMap(Optional.java:289) ~[?:?]
	at knot/net.minecraft.server.MinecraftServer.method_49384(MinecraftServer.java:871) ~[server-intermediary.jar:?]
	at knot/net.minecraft.server.MinecraftServer.method_29741(MinecraftServer.java:667) ~[server-intermediary.jar:?]
	at knot/net.minecraft.server.MinecraftServer.method_29739(MinecraftServer.java:281) ~[server-intermediary.jar:?]
	at java.base/java.lang.Thread.run(Thread.java:1583) [?:?]
[02:13:47] [Server thread/INFO]: Start loading plugin from Balm: net.blay09.mods.balm.fabric.compat.hudinfo.FabricJadeModCompat
[02:13:47] [Server thread/INFO]: Start loading plugin from Exposure: io.github.mortuusars.exposure.integration.jade.ExposureJadePlugin
[02:13:47] [Server thread/INFO]: Start loading plugin from Jade: snownee.jade.addon.core.CorePlugin
[02:13:47] [Server thread/INFO]: Start loading plugin from Jade: snownee.jade.addon.vanilla.VanillaPlugin
[02:13:47] [Server thread/INFO]: Start loading plugin from Jade: snownee.jade.addon.universal.UniversalPlugin
[02:13:47] [Server thread/INFO]: Start loading plugin from Jade: snownee.jade.addon.access.AccessibilityPlugin
[02:13:47] [Server thread/INFO]: Start loading plugin from Jade: snownee.jade.addon.debug.DebugPlugin
[02:13:47] [Server thread/INFO]: Start loading plugin from Polymer (Core): eu.pb4.polymer.core.impl.client.compat.JadeCompatibility
[02:13:47] [Server thread/INFO]: Start loading plugin from Supplementaries: net.mehvahdjukaar.supplementaries.integration.JadeCompat
[02:13:47] [Server thread/INFO]: Start loading plugin from Waystones: net.blay09.mods.waystones.compat.JadeIntegration
[02:13:48] [C2ME Storage #15/INFO]: Storage thread Thread[#119,C2ME Storage #15,5,main] stopped
[02:13:48] [C2ME Storage #14/INFO]: Storage thread Thread[#118,C2ME Storage #14,5,main] stopped
[02:13:48] [C2ME Storage #13/INFO]: Storage thread Thread[#117,C2ME Storage #13,5,main] stopped
[02:13:59] [Server thread/WARN]: [voicechat] Running in offline mode - Voice chat encryption is not secure!
[02:13:59] [VoiceChatServerThread/INFO]: [voicechat] Voice host is 'near-specs.gl.at.ply.gg'
[02:13:59] [VoiceChatServerThread/INFO]: [voicechat] Voice chat server started at port 7889
[02:14:19] [Server thread/INFO]: [Dangerous] HP multiplier changed from 1.0 to 2.0 on day 622
[02:14:20] [Server thread/WARN]: @ModifyConstant conflict. Skipping connectivity.mixins.json:ClientboundCustomPayloadPacketMixin from mod connectivity->@ModifyConstant::modifyLimit(I)I with priority 1, already redirected by packetfixer.v1_20_5.fabric.mixins.json:v1_20_5_fabric.ClientboundCustomPayloadPacketMixin from mod packetfixer->@ModifyConstant::packetfixer$newSize(I)I with priority 1000
[02:14:20] [Server thread/WARN]: @ModifyConstant conflict. Skipping connectivity.mixins.json:ClientboundCustomPayloadPacketMixin from mod connectivity->@ModifyConstant::modifyLimit2(I)I with priority 1, already redirected by packetfixer.v1_20_5.fabric.mixins.json:v1_20_5_fabric.ClientboundCustomPayloadPacketMixin from mod packetfixer->@ModifyConstant::packetfixer$newSize$2(I)I with priority 1000
[02:26:18] [Netty Epoll Server IO #2/WARN]: @ModifyConstant conflict. Skipping packetfixer.v1_20_5.fabric.mixins.json:v1_20_5_fabric.ServerLoginPacketListenerImplMixin from mod packetfixer->@ModifyConstant::packetfixer$tick(I)I with priority 1000, already redirected by connectivity.mixins.json:ServerLoginNetHandlerMixin from mod connectivity->@ModifyConstant::loginTimeout(I)I with priority 1001
[02:26:18] [Netty Epoll Server IO #2/WARN]: @ModifyConstant conflict. Skipping packetfixer.v1_20_5.fabric.mixins.json:v1_20_5_fabric.CompressionEncoderMixin from mod packetfixer->@ModifyConstant::packetfixer$newSize(I)I with priority 1000, already redirected by connectivity.mixins.json:CompressionEncoderMixin from mod connectivity->@ModifyConstant::modifyLimit(I)I with priority 1000
[02:26:23] [Netty Epoll Server IO #2/INFO]: [STDOUT]: {"pandalib:pandalib_config#debugging.0": false, "pandalib:pandalib_config#configHotReloadDelay.1": 1000, "pandalib:pandalib_config#enableConfigHotReload.2": false}
[02:26:23] [Netty Epoll Server IO #2/INFO]: [STDOUT]: {"fallingtrees:client#miningShould.0": CHOP_TREE, "fallingtrees:client#miningWhileCrouchingShould.1": MINE_SINGLE_BLOCK}
[02:26:31] [Server thread/INFO]: xXSansXx20[/127.217.246.118:41233] logged in with entity id 26 at (182.53236981836392, 57.0, -350.5051240151287)
[02:26:31] [Server thread/INFO]: Sending server config values to client
[02:26:31] [Server thread/INFO]: Loading config from file...
[02:26:31] [Server thread/INFO]: [voicechat] Using Fabric Permissions API
[02:26:31] [Server thread/INFO]: xXSansXx20 joined the game
[02:26:31] [Server thread/INFO]: Sending item configs to client
[02:26:34] [Server thread/INFO]: Channel update: xXSansXx20 -> default
[02:26:34] [Server thread/INFO]: Receiving client config
[02:26:34] [Server thread/INFO]: [voicechat] Received secret request of xXSansXx20 (20)
[02:26:34] [Server thread/INFO]: [voicechat] Sent secret to xXSansXx20
[02:26:34] [Server thread/WARN]: Can't keep up! Is the server overloaded? Running 3341ms or 66 ticks behind
[02:26:35] [Server thread/WARN]: @ModifyConstant conflict. Skipping packetfixer.v1_20_5.fabric.mixins.json:v1_20_5_fabric.ClientboundLevelChunkPacketDataMixin from mod packetfixer->@ModifyConstant::packetfixer$newSize(I)I with priority 1000, already redirected by connectivity.mixins.json:ClientBoundLevelChunkPacketDataLimitMixin from mod connectivity->@ModifyConstant::modifyLimit(I)I with priority 1000
[02:26:41] [VoiceChatPacketProcessingThread/INFO]: [voicechat] Successfully authenticated player cfcb7121-0c52-37f3-b9ad-6a30c1ab373b
[02:26:42] [VoiceChatPacketProcessingThread/INFO]: [voicechat] Successfully validated connection of player cfcb7121-0c52-37f3-b9ad-6a30c1ab373b
[02:26:42] [VoiceChatPacketProcessingThread/INFO]: [voicechat] Player xXSansXx20 (cfcb7121-0c52-37f3-b9ad-6a30c1ab373b) successfully connected to voice chat
[02:27:04] [Server thread/WARN]: Can't keep up! Is the server overloaded? Running 15191ms or 303 ticks behind
[02:41:04] [Netty Epoll Server IO #4/INFO]: [STDOUT]: {"pandalib:pandalib_config#debugging.0": false, "pandalib:pandalib_config#configHotReloadDelay.1": 1000, "pandalib:pandalib_config#enableConfigHotReload.2": false}
[02:41:04] [Netty Epoll Server IO #4/INFO]: [STDOUT]: {"fallingtrees:client#miningShould.0": CHOP_TREE, "fallingtrees:client#miningWhileCrouchingShould.1": MINE_SINGLE_BLOCK}
[02:41:06] [Server thread/INFO]: coete10[/127.125.150.221:58897] logged in with entity id 2452 at (184.54755852227365, 56.0, -348.12992204913826)
[02:41:06] [Server thread/INFO]: Sending server config values to client
[02:41:06] [Server thread/INFO]: Loading config from file...
[02:41:06] [Server thread/INFO]: coete10 joined the game
[02:41:06] [Server thread/INFO]: Sending item configs to client
[02:41:07] [Server thread/INFO]: Channel update: coete10 -> default
[02:41:07] [Server thread/INFO]: [voicechat] Received secret request of coete10 (20)
[02:41:07] [Server thread/INFO]: [voicechat] Sent secret to coete10
[02:41:07] [Server thread/INFO]: Receiving client config
[02:41:10] [VoiceChatPacketProcessingThread/INFO]: [voicechat] Successfully authenticated player 3a110192-6635-3833-abff-63264a24f741
[02:41:11] [VoiceChatPacketProcessingThread/INFO]: [voicechat] Successfully validated connection of player 3a110192-6635-3833-abff-63264a24f741
[02:41:11] [VoiceChatPacketProcessingThread/INFO]: [voicechat] Player coete10 (3a110192-6635-3833-abff-63264a24f741) successfully connected to voice chat
[02:41:20] [Server thread/INFO]: [coete10: Teleported coete10 to xXSansXx20]
[02:41:24] [Server thread/INFO]: [Not Secure] <coete10> a mi no me pasa
[02:41:35] [Server thread/INFO]: [Not Secure] <xXSansXx20> wat
[02:41:46] [Server thread/INFO]: [Not Secure] <coete10> eso ya es de tu tecla eh
[02:41:49] [Server thread/INFO]: [Not Secure] <coete10> rip teclado
[02:41:58] [Server thread/INFO]: [Not Secure] <xXSansXx20> pero la tecla esta bien
[02:41:59] [Server thread/INFO]: [Not Secure] <coete10> cambiala a control a ver
[02:42:02] [Server thread/INFO]: [Not Secure] <coete10> ahi verificas
[02:42:06] [Server thread/INFO]: [Not Secure] <coete10> si es la tecla o que es
[02:42:06] [Server thread/INFO]: [Not Secure] <xXSansXx20> voy
[02:42:44] [Server thread/INFO]: [Not Secure] <coete10> wat
[02:42:46] [Server thread/INFO]: [Not Secure] <xXSansXx20> igual
[02:42:55] [Server thread/INFO]: [Not Secure] <coete10> q pingas
[02:42:57] [Server thread/INFO]: [Not Secure] <coete10> XDDD
[02:43:12] [Server thread/INFO]: [Not Secure] <coete10> w
[02:43:12] [Server thread/INFO]: [Not Secure] <xXSansXx20> ya
[02:43:16] [Server thread/INFO]: [Not Secure] <xXSansXx20> watajai
[02:43:35] [Server thread/INFO]: [Not Secure] <xXSansXx20> ya
[02:43:36] [Server thread/INFO]: [Not Secure] <xXSansXx20> jeje
[02:43:41] [Server thread/INFO]: [Not Secure] <xXSansXx20> era correr nomas
[02:43:42] [Server thread/INFO]: [Not Secure] <xXSansXx20> creo
[02:43:56] [Server thread/INFO]: [Not Secure] <xXSansXx20> por cierto
[02:44:02] [Server thread/INFO]: [Not Secure] <xXSansXx20> despues de pensar
[02:44:06] [Server thread/INFO]: [Not Secure] <xXSansXx20> por mucho tiempo
[02:44:11] [Server thread/INFO]: [Not Secure] <xXSansXx20> 5 minutos
[02:44:15] [Server thread/INFO]: [Not Secure] <xXSansXx20> tuve una idea
[02:44:25] [Server thread/INFO]: [Not Secure] <xXSansXx20> para rellenar la sala que esta aqui
[02:44:35] [Server thread/INFO]: [Not Secure] <xXSansXx20> veras
[02:44:56] [Server thread/INFO]: [Not Secure] <xXSansXx20> una biblioteca esta mal al lado de una cocina
[02:45:00] [Server thread/INFO]: [Not Secure] <xXSansXx20> por el ruido
[02:45:08] [Server thread/INFO]: [Not Secure] <xXSansXx20> olor y esas cosas
[02:45:34] [Server thread/INFO]: [Not Secure] <coete10> aja
[02:45:36] [Server thread/INFO]: [Not Secure] <xXSansXx20> entonces
[02:45:41] [Server thread/INFO]: [Not Secure] <xXSansXx20> se me ocurrio algo
[02:46:09] [Server thread/INFO]: [Not Secure] <xXSansXx20> que la biblioteca quede abajo
[02:46:28] [Server thread/INFO]: [Not Secure] <xXSansXx20> aqui
[02:46:36] [Server thread/INFO]: [Not Secure] <xXSansXx20> digo
[02:46:43] [Server thread/INFO]: [Not Secure] <xXSansXx20> aqui
[02:46:50] [Server thread/INFO]: [Not Secure] <xXSansXx20> por que?
[02:46:58] [Server thread/INFO]: [Not Secure] <xXSansXx20> porque al lado estan los libreros
[02:47:08] [Server thread/INFO]: [Not Secure] <xXSansXx20> y
[02:47:20] [Server thread/INFO]: [Not Secure] <xXSansXx20> en donde estaba la biblioteca
[02:47:24] [Server thread/INFO]: [Not Secure] <xXSansXx20> osea arriba
[02:47:31] [Server thread/INFO]: [Not Secure] <xXSansXx20> se coloca nuestro comedor
[02:47:38] [Server thread/INFO]: [Not Secure] <xXSansXx20> y abajo del comedor
[02:47:42] [Server thread/INFO]: [Not Secure] <xXSansXx20> osea aqui
[02:48:11] [Server thread/INFO]: [Not Secure] <xXSansXx20> se coloca nuestra sala, con television y todo
[02:48:13] [Server thread/INFO]: [Not Secure] <xXSansXx20> o
[02:48:20] [Server thread/INFO]: [Not Secure] <xXSansXx20> podemos colocar sala comedor
[02:48:29] [Server thread/INFO]: [Not Secure] <xXSansXx20> y arriba se deja igual
[02:48:43] [Server thread/INFO]: [Not Secure] <coete10> me sono todo menos lo de aqui abajo
[02:48:44] [Server thread/INFO]: [Not Secure] <coete10> XD
[02:48:46] [Server thread/INFO]: [Not Secure] <coete10> pero
[02:48:47] [Server thread/INFO]: [Not Secure] <coete10> osea
[02:48:57] [Server thread/INFO]: [Not Secure] <coete10> me gusta la idea de la reubicacion de la biblioteca
[02:49:07] [Server thread/INFO]: [Not Secure] <coete10> la cosa es que siento que ahi quedara muy apretado
[02:49:23] [Server thread/INFO]: [Not Secure] <coete10> con esas escaleras de por si ya es poco espacio
[02:49:27] [Server thread/INFO]: [Not Secure] <coete10> y con 2 entradas peor
[02:49:46] [Server thread/INFO]: [Not Secure] <coete10> literal se colocarias 2 o 3 librerias y ya
[02:49:49] [Server thread/INFO]: [Not Secure] <coete10> o al rededor
[02:49:55] [Server thread/INFO]: [Not Secure] <coete10> pero en el centro no se puede porque estorba
[02:50:08] [Server thread/INFO]: [Not Secure] <coete10> esa es la problematica
[02:50:22] [Server thread/INFO]: [Not Secure] <xXSansXx20> mmm
[02:50:23] [Server thread/INFO]: [Not Secure] <xXSansXx20> pues
[02:50:34] [Server thread/INFO]: [Not Secure] <xXSansXx20> se quita la escalera de aqui
[02:50:40] [Server thread/INFO]: [Not Secure] <xXSansXx20> y se coloca aqui
[02:50:56] [Server thread/INFO]: [Not Secure] <coete10> desde el exterior?
[02:51:00] [Server thread/INFO]: [Not Secure] <xXSansXx20> si
[02:51:10] [Server thread/INFO]: [Not Secure] <coete10> no me parece mal
[02:51:21] [Server thread/INFO]: [Not Secure] <coete10> pero tocaria hacerlo en L
[02:51:31] [Server thread/INFO]: [Not Secure] <coete10> subida, una parte de descanso y luego otra subida
[02:51:43] [Server thread/INFO]: [Not Secure] <xXSansXx20> exacto
[02:51:44] [Server thread/INFO]: [Not Secure] <xXSansXx20> XDDDDD
[02:51:52] [Server thread/INFO]: [Not Secure] <coete10> ea
[02:51:59] [Server thread/INFO]: [Not Secure] <xXSansXx20> vale
[02:52:07] [Server thread/INFO]: [Not Secure] <xXSansXx20> entonces lo haré
[02:52:11] [Server thread/INFO]: [Not Secure] <coete10> vale
[02:52:13] [Server thread/INFO]: [Not Secure] <coete10> otra cosa
[02:52:17] [Server thread/INFO]: [Not Secure] <xXSansXx20> y la sala y el comedor?
[02:52:27] [Server thread/INFO]: [Not Secure] <coete10> pues sala ya tenemos como tal
[02:52:29] [Server thread/INFO]: [Not Secure] <coete10> es la entrada
[02:52:38] [Server thread/INFO]: [Not Secure] <xXSansXx20> bueno cierto
[02:52:51] [Server thread/INFO]: [Not Secure] <xXSansXx20> entonces el comedor arriba donde estaba la biblioteca
[02:52:59] [Server thread/INFO]: [Not Secure] <coete10> si
[02:53:02] [Server thread/INFO]: [Not Secure] <coete10> por cierto
[02:53:13] [Server thread/INFO]: [Not Secure] <coete10> y si metemos a los libreros ahi adentro a que trabajen
[02:53:24] [Server thread/INFO]: [Not Secure] <coete10> y hacemos esto un mini jardin o no se
[02:53:29] [Server thread/INFO]: [Not Secure] <coete10> siento que esta parte es muy fea
[02:53:31] [Server thread/INFO]: [Not Secure] <coete10> XD
[02:53:34] [Server thread/INFO]: [Not Secure] <xXSansXx20> XDDD
[02:53:36] [Server thread/INFO]: [Not Secure] <xXSansXx20> verdad
[02:53:39] [Server thread/INFO]: [Not Secure] <xXSansXx20> ta bien
[02:54:49] [Server thread/INFO]: [Not Secure] <xXSansXx20> la waystone se deja ahi o se pone mas al centro del futuro jardin?
[02:55:08] [Server thread/INFO]: [Not Secure] <coete10> pues es que toca ver como sera el jardin
[02:55:14] [Server thread/INFO]: [Not Secure] <coete10> pero podria moverse
[02:55:19] [Server thread/INFO]: [Not Secure] <xXSansXx20> vale
[02:55:24] [Server thread/INFO]: [Not Secure] <coete10> podria hacerse una red de caminos mas completa
[02:55:28] [Server thread/INFO]: [Not Secure] <coete10> y mejor decorada
[02:55:33] [Server thread/INFO]: [Not Secure] <coete10> con faroles y eso
[02:55:36] [Server thread/INFO]: [Not Secure] <coete10> y se;ales
[02:56:25] [Server thread/INFO]: [Not Secure] <xXSansXx20> chopi se perdio jaja
[02:56:29] [Server thread/INFO]: [Not Secure] <coete10> q
[02:56:49] [Server thread/INFO]: [Not Secure] <xXSansXx20> aparecio que se perdio
[02:56:54] [Server thread/INFO]: [Not Secure] <coete10> no
[02:56:57] [Server thread/INFO]: [Not Secure] <xXSansXx20> que no encuentra el camino a casa
[02:56:59] [Server thread/INFO]: [Not Secure] <coete10> esta durmiendo
[02:57:00] [Server thread/INFO]: [Not Secure] <coete10> es que
[02:57:01] [Server thread/INFO]: [Not Secure] <xXSansXx20> XDDD
[02:57:06] [Server thread/INFO]: [Not Secure] <xXSansXx20> que pingas
[02:57:09] [Server thread/INFO]: [Not Secure] <coete10> cuando son distancias largas que recorren, dicen eso
[02:57:25] [Server thread/INFO]: [Not Secure] <coete10> me imagino que es porque tiene automatico que si no llega en x tiempo diga eso
[02:57:34] [Server thread/INFO]: [Not Secure] <coete10> este man
[02:57:53] [Server thread/INFO]: [Not Secure] <xXSansXx20> con razon
[02:58:56] [Server thread/INFO]: Named entity GuardEntity['Edwardo'/616, l='ServerLevel[world]', x=199.98, y=61.00, z=-523.19] died: Edwardo was slain by Enderman
[02:59:29] [Server thread/INFO]: Named entity GuardEntity['Verlene'/785, l='ServerLevel[world]', x=257.30, y=66.50, z=-423.70] died: Verlene suffocated in a wall
[03:00:53] [Server thread/INFO]: [Not Secure] <coete10> me quedare afk donde los creepers
[03:00:58] [Server thread/INFO]: [Not Secure] <xXSansXx20> vale
[03:01:01] [Server thread/INFO]: [Not Secure] <xXSansXx20> gg server
[03:01:06] [Server thread/INFO]: [Not Secure] <coete10> si sans si
[03:01:16] [Server thread/WARN]: Can't keep up! Is the server overloaded? Running 2014ms or 40 ticks behind
[03:01:36] [Server thread/WARN]: Can't keep up! Is the server overloaded? Running 4658ms or 93 ticks behind
[03:02:04] [Server thread/WARN]: Can't keep up! Is the server overloaded? Running 2003ms or 40 ticks behind
[03:03:00] [Server thread/WARN]: Can't keep up! Is the server overloaded? Running 2003ms or 40 ticks behind
[03:03:18] [Server thread/WARN]: Can't keep up! Is the server overloaded? Running 2750ms or 55 ticks behind
[03:03:45] [Server thread/WARN]: Can't keep up! Is the server overloaded? Running 2017ms or 40 ticks behind
[03:04:28] [Server thread/WARN]: Can't keep up! Is the server overloaded? Running 2007ms or 40 ticks behind
[03:04:45] [Server thread/WARN]: Can't keep up! Is the server overloaded? Running 2012ms or 40 ticks behind
[03:05:04] [Server thread/WARN]: Can't keep up! Is the server overloaded? Running 3658ms or 73 ticks behind
[03:05:47] [Server thread/WARN]: Can't keep up! Is the server overloaded? Running 2001ms or 40 ticks behind
[03:06:37] [Server thread/WARN]: Can't keep up! Is the server overloaded? Running 2001ms or 40 ticks behind
[03:07:13] [Server thread/WARN]: Can't keep up! Is the server overloaded? Running 2002ms or 40 ticks behind
[03:07:39] [Server thread/WARN]: Can't keep up! Is the server overloaded? Running 2014ms or 40 ticks behind
[03:08:07] [Server thread/WARN]: Can't keep up! Is the server overloaded? Running 2012ms or 40 ticks behind
[03:08:32] [Server thread/WARN]: Can't keep up! Is the server overloaded? Running 2004ms or 40 ticks behind
[03:09:11] [Server thread/WARN]: Can't keep up! Is the server overloaded? Running 2001ms or 40 ticks behind
[03:09:52] [Server thread/WARN]: Can't keep up! Is the server overloaded? Running 2007ms or 40 ticks behind
[03:10:19] [Server thread/WARN]: Can't keep up! Is the server overloaded? Running 2550ms or 51 ticks behind
[03:10:50] [Server thread/WARN]: Can't keep up! Is the server overloaded? Running 2009ms or 40 ticks behind
[03:11:08] [Server thread/WARN]: Can't keep up! Is the server overloaded? Running 3073ms or 61 ticks behind
[03:11:15] [Server thread/WARN]: Tree is too big to be processed at position 160, 77, -349 in dimension 'minecraft:overworld'
[03:11:16] [Server thread/WARN]: Tree is too big to be processed at position 160, 73, -347 in dimension 'minecraft:overworld'
[03:11:16] [Server thread/WARN]: Tree is too big to be processed at position 160, 74, -347 in dimension 'minecraft:overworld'
[03:11:18] [Server thread/WARN]: Tree is too big to be processed at position 177, 73, -347 in dimension 'minecraft:overworld'
[03:11:26] [Server thread/WARN]: Can't keep up! Is the server overloaded? Running 3031ms or 60 ticks behind
[03:11:44] [Server thread/WARN]: Can't keep up! Is the server overloaded? Running 2001ms or 40 ticks behind
[03:12:01] [Server thread/WARN]: Can't keep up! Is the server overloaded? Running 2125ms or 42 ticks behind
[03:12:23] [Server thread/WARN]: Can't keep up! Is the server overloaded? Running 2018ms or 40 ticks behind
[03:12:40] [Server thread/WARN]: Can't keep up! Is the server overloaded? Running 2213ms or 44 ticks behind
[03:13:01] [Server thread/WARN]: Can't keep up! Is the server overloaded? Running 2004ms or 40 ticks behind
[03:13:40] [Server thread/WARN]: Can't keep up! Is the server overloaded? Running 2000ms or 40 ticks behind
[03:14:15] [Server thread/WARN]: Can't keep up! Is the server overloaded? Running 2013ms or 40 ticks behind
[03:14:32] [Server thread/WARN]: Can't keep up! Is the server overloaded? Running 2015ms or 40 ticks behind
[03:14:53] [Server thread/WARN]: Can't keep up! Is the server overloaded? Running 2008ms or 40 ticks behind
[03:15:48] [Server thread/WARN]: Can't keep up! Is the server overloaded? Running 2362ms or 47 ticks behind
[03:16:20] [Server thread/WARN]: Can't keep up! Is the server overloaded? Running 2002ms or 40 ticks behind
[03:16:41] [Server thread/WARN]: Can't keep up! Is the server overloaded? Running 2002ms or 40 ticks behind
[03:18:17] [Server thread/WARN]: Can't keep up! Is the server overloaded? Running 2027ms or 40 ticks behind
[03:20:57] [Server thread/WARN]: Can't keep up! Is the server overloaded? Running 2657ms or 53 ticks behind
[03:21:35] [Server thread/WARN]: Can't keep up! Is the server overloaded? Running 2004ms or 40 ticks behind
[03:24:11] [Server thread/WARN]: Can't keep up! Is the server overloaded? Running 2014ms or 40 ticks behind
[03:24:50] [Server thread/WARN]: Can't keep up! Is the server overloaded? Running 2002ms or 40 ticks behind
[03:25:31] [Server thread/WARN]: Can't keep up! Is the server overloaded? Running 2003ms or 40 ticks behind
[03:25:49] [Server thread/WARN]: Can't keep up! Is the server overloaded? Running 2979ms or 59 ticks behind
[03:26:07] [Server thread/WARN]: Can't keep up! Is the server overloaded? Running 3189ms or 63 ticks behind
[03:26:16] [Server thread/INFO]: [xXSansXx20: Set own game mode to Spectator Mode]
[03:26:24] [Server thread/WARN]: Can't keep up! Is the server overloaded? Running 2213ms or 44 ticks behind
[03:26:59] [Server thread/INFO]: [xXSansXx20: Set own game mode to Survival Mode]
[03:28:24] [Server thread/WARN]: Can't keep up! Is the server overloaded? Running 2029ms or 40 ticks behind
[03:29:56] [Server thread/WARN]: Can't keep up! Is the server overloaded? Running 2003ms or 40 ticks behind
[03:31:20] [Server thread/WARN]: Can't keep up! Is the server overloaded? Running 2731ms or 54 ticks behind
[03:31:52] [Server thread/WARN]: Can't keep up! Is the server overloaded? Running 2003ms or 40 ticks behind
[03:32:10] [Server thread/WARN]: Can't keep up! Is the server overloaded? Running 3425ms or 68 ticks behind
[03:32:35] [Server thread/WARN]: Can't keep up! Is the server overloaded? Running 2012ms or 40 ticks behind
[03:32:56] [Server thread/WARN]: Can't keep up! Is the server overloaded? Running 2035ms or 40 ticks behind
[03:33:13] [Server thread/WARN]: Can't keep up! Is the server overloaded? Running 2062ms or 41 ticks behind
[03:33:32] [Server thread/WARN]: Can't keep up! Is the server overloaded? Running 2009ms or 40 ticks behind
[03:34:36] [Server thread/WARN]: Can't keep up! Is the server overloaded? Running 2002ms or 40 ticks behind
[03:35:06] [Server thread/WARN]: Can't keep up! Is the server overloaded? Running 2002ms or 40 ticks behind
[03:35:23] [Server thread/WARN]: Can't keep up! Is the server overloaded? Running 2294ms or 45 ticks behind
[03:35:49] [Server thread/WARN]: Can't keep up! Is the server overloaded? Running 2008ms or 40 ticks behind
[03:36:44] [Server thread/WARN]: Can't keep up! Is the server overloaded? Running 2533ms or 50 ticks behind
[03:39:51] [Server thread/WARN]: Can't keep up! Is the server overloaded? Running 2002ms or 40 ticks behind
[03:41:10] [Server thread/WARN]: Can't keep up! Is the server overloaded? Running 2010ms or 40 ticks behind
[03:41:28] [Server thread/WARN]: Can't keep up! Is the server overloaded? Running 2002ms or 40 ticks behind
[03:41:47] [Server thread/WARN]: Can't keep up! Is the server overloaded? Running 2003ms or 40 ticks behind
[03:42:08] [Server thread/WARN]: Can't keep up! Is the server overloaded? Running 2004ms or 40 ticks behind
[03:42:38] [Server thread/WARN]: Can't keep up! Is the server overloaded? Running 2012ms or 40 ticks behind
[03:42:57] [Server thread/WARN]: Can't keep up! Is the server overloaded? Running 2009ms or 40 ticks behind
[03:43:14] [Server thread/WARN]: Can't keep up! Is the server overloaded? Running 2527ms or 50 ticks behind
[03:44:18] [Server thread/WARN]: Can't keep up! Is the server overloaded? Running 2036ms or 40 ticks behind
[03:44:35] [Server thread/WARN]: Can't keep up! Is the server overloaded? Running 2315ms or 46 ticks behind
[03:44:53] [Server thread/WARN]: Can't keep up! Is the server overloaded? Running 2002ms or 40 ticks behind
[03:45:10] [Server thread/WARN]: Can't keep up! Is the server overloaded? Running 2035ms or 40 ticks behind
[03:45:28] [Server thread/WARN]: Can't keep up! Is the server overloaded? Running 2379ms or 47 ticks behind
[03:45:46] [Server thread/WARN]: Can't keep up! Is the server overloaded? Running 3080ms or 61 ticks behind
[03:46:03] [Server thread/WARN]: Can't keep up! Is the server overloaded? Running 2821ms or 56 ticks behind
[03:46:21] [Server thread/WARN]: Can't keep up! Is the server overloaded? Running 2995ms or 59 ticks behind
[03:46:39] [Server thread/WARN]: Can't keep up! Is the server overloaded? Running 2961ms or 59 ticks behind
[03:47:04] [Server thread/WARN]: Can't keep up! Is the server overloaded? Running 2019ms or 40 ticks behind
[03:47:23] [Server thread/WARN]: Can't keep up! Is the server overloaded? Running 2002ms or 40 ticks behind
[03:47:42] [Server thread/WARN]: Can't keep up! Is the server overloaded? Running 3575ms or 71 ticks behind
[03:47:59] [Server thread/WARN]: Can't keep up! Is the server overloaded? Running 2314ms or 46 ticks behind
[03:48:16] [Server thread/WARN]: Can't keep up! Is the server overloaded? Running 2169ms or 43 ticks behind
[03:48:57] [Server thread/WARN]: Can't keep up! Is the server overloaded? Running 2038ms or 40 ticks behind
[03:49:25] [Server thread/WARN]: Can't keep up! Is the server overloaded? Running 2012ms or 40 ticks behind
[03:49:42] [Server thread/WARN]: Can't keep up! Is the server overloaded? Running 2520ms or 50 ticks behind
[03:50:03] [Server thread/WARN]: Can't keep up! Is the server overloaded? Running 2009ms or 40 ticks behind
[03:50:54] [Server thread/WARN]: Can't keep up! Is the server overloaded? Running 2036ms or 40 ticks behind
[03:52:45] [Server thread/WARN]: Can't keep up! Is the server overloaded? Running 2016ms or 40 ticks behind
[03:53:02] [Server thread/WARN]: Can't keep up! Is the server overloaded? Running 2221ms or 44 ticks behind
[03:53:32] [Server thread/WARN]: Can't keep up! Is the server overloaded? Running 2000ms or 40 ticks behind
[03:53:49] [Server thread/WARN]: Can't keep up! Is the server overloaded? Running 2001ms or 40 ticks behind
[03:54:06] [Server thread/WARN]: Can't keep up! Is the server overloaded? Running 2276ms or 45 ticks behind
[03:54:30] [Server thread/WARN]: Can't keep up! Is the server overloaded? Running 2007ms or 40 ticks behind
[03:54:51] [Server thread/WARN]: Can't keep up! Is the server overloaded? Running 2034ms or 40 ticks behind
[03:54:55] [Server thread/INFO]: [Not Secure] <coete10> hmmm como que espectador
[03:54:57] [Server thread/INFO]: [Not Secure] <coete10> vas ban
[03:55:02] [Server thread/INFO]: [Not Secure] <xXSansXx20> es que
[03:55:06] [Server thread/INFO]: [Not Secure] <coete10> no
[03:55:08] [Server thread/INFO]: [Not Secure] <xXSansXx20> estaban extrañando a un muerto
[03:55:15] [Server thread/INFO]: [Not Secure] <xXSansXx20> pense que estaba bajo tierra
[03:55:17] [Server thread/WARN]: Can't keep up! Is the server overloaded? Running 2010ms or 40 ticks behind
[03:55:21] [Server thread/INFO]: [Not Secure] <coete10> fake
[03:55:30] [Server thread/INFO]: [Not Secure] <coete10> vi como sacaste netherita del spectador
[03:55:33] [Server thread/INFO]: [Not Secure] <xXSansXx20> putos negros
[03:55:33] [Server thread/INFO]: [Not Secure] <coete10> no me mientas
[03:55:36] [Server thread/INFO]: [Not Secure] <xXSansXx20> www
[03:55:37] [Server thread/INFO]: [Not Secure] <xXSansXx20> sisis
[03:55:39] [Server thread/INFO]: [Not Secure] <xXSansXx20> perdon
[03:55:53] [Server thread/INFO]: [Not Secure] <xXSansXx20> no sabia que espectador se veia la netherite
[03:56:08] [Server thread/INFO]: [Not Secure] <coete10> si, con /give me a job job sahur
[03:56:15] [Server thread/INFO]: [Not Secure] <xXSansXx20> XDDD
[03:56:19] [Server thread/INFO]: [Not Secure] <xXSansXx20> ojala
[03:56:27] [Server thread/INFO]: [Not Secure] <xXSansXx20> ya hice la biblioteca
[03:56:34] [Server thread/INFO]: [coete10: Teleported coete10 to xXSansXx20]
[03:56:35] [Server thread/WARN]: Can't keep up! Is the server overloaded? Running 2003ms or 40 ticks behind
[03:56:59] [Server thread/INFO]: Named entity GuardEntity['Janine'/712, l='ServerLevel[world]', x=257.70, y=66.50, z=-423.30] died: Janine suffocated in a wall
[03:57:07] [Server thread/INFO]: [Not Secure] <xXSansXx20> queso
[03:57:44] [Server thread/INFO]: [Not Secure] <coete10> es que no se
[03:58:01] [Server thread/INFO]: [Not Secure] <coete10> y no ibamos a colocar los atriles de esa gente aqui?
[03:58:02] [Server thread/INFO]: [Not Secure] <coete10> xd
[03:58:14] [Server thread/INFO]: [Not Secure] <xXSansXx20> lo que pasa
[03:58:23] [Server thread/INFO]: [Not Secure] <xXSansXx20> es que van a perder el trabajo
[03:58:36] [Server thread/INFO]: [Not Secure] <coete10> no exactamente
[03:58:38] [Server thread/INFO]: [Not Secure] <coete10> creo
[03:58:50] [Server thread/INFO]: [Not Secure] <xXSansXx20> o algunos
[03:58:51] [Server thread/INFO]: [Not Secure] <coete10> si no mal recuerdo, si ya tradeamos, se les guarda ya lo que son
[03:58:57] [Server thread/INFO]: [Not Secure] <xXSansXx20> exacto
[03:59:05] [Server thread/INFO]: [Not Secure] <xXSansXx20> bueno, lo hare
[03:59:14] [Server thread/INFO]: [Not Secure] <xXSansXx20> ojala no se pierdan
[03:59:24] [Server thread/INFO]: [Not Secure] <coete10> pero espera
[03:59:31] [Server thread/INFO]: [Not Secure] <coete10> espera al dia y miras si ya tradeamos con 1
[03:59:36] [Server thread/INFO]: [Not Secure] <coete10> y probamos
[03:59:39] [Server thread/INFO]: [Not Secure] <xXSansXx20> okok
[04:00:16] [Server thread/WARN]: Tree is too big to be processed at position 189, 77, -368 in dimension 'minecraft:overworld'
[04:00:17] [Server thread/WARN]: Tree is too big to be processed at position 166, 77, -382 in dimension 'minecraft:overworld'
[04:00:18] [Server thread/WARN]: Tree is too big to be processed at position 165, 73, -382 in dimension 'minecraft:overworld'
[04:01:16] [Server thread/INFO]: [Not Secure] <coete10> continua pues
[04:01:17] [Server thread/INFO]: [Not Secure] <coete10> XD
[04:01:35] [Server thread/INFO]: [Not Secure] <coete10> pq abriste al frente?
[04:01:45] [Server thread/INFO]: [Not Secure] <xXSansXx20> frente donde
[04:02:00] [Server thread/INFO]: [Not Secure] <coete10> de la cocina
[04:02:25] [Server thread/INFO]: [Not Secure] <xXSansXx20> tu me dijiste
[04:02:29] [Server thread/INFO]: [Not Secure] <coete10> no
[04:02:29] [Server thread/INFO]: [Not Secure] <coete10> w
[04:02:33] [Server thread/INFO]: [Not Secure] <xXSansXx20> si
[04:02:35] [Server thread/INFO]: [Not Secure] <coete10> te dije una escalera en l
[04:02:41] [Server thread/INFO]: [Not Secure] <coete10> con descanso entre medias
[04:02:45] [Server thread/WARN]: Tree is too big to be processed at position 189, 73, -369 in dimension 'minecraft:overworld'
[04:02:46] [Server thread/WARN]: Tree is too big to be processed at position 189, 74, -369 in dimension 'minecraft:overworld'
[04:02:46] [Server thread/WARN]: Tree is too big to be processed at position 169, 73, -393 in dimension 'minecraft:overworld'
[04:02:48] [Server thread/INFO]: [Not Secure] <coete10> nunca dije que aca
[04:02:48] [Server thread/INFO]: [Not Secure] <coete10> w
[04:03:42] [Server thread/INFO]: [Not Secure] <xXSansXx20> asi?
[04:03:43] [Server thread/INFO]: [Not Secure] <coete10> me lo imaginaba mejor
[04:03:44] [Server thread/INFO]: [Not Secure] <coete10> pero si
[04:03:44] [Server thread/INFO]: [Not Secure] <xXSansXx20> o mas arriba
[04:03:45] [Server thread/INFO]: [Not Secure] <coete10> XDD
[04:03:48] [Server thread/INFO]: [Not Secure] <coete10> mas arriba
[04:04:00] [Server thread/INFO]: [Not Secure] <coete10> osea el descanso quedo muy ahi
[04:04:03] [Server thread/INFO]: [Not Secure] <coete10> eso
[04:04:29] [Server thread/INFO]: [Not Secure] <coete10> sera que ellos son los que da;an las ventanas?
[04:04:44] [Server thread/INFO]: [Not Secure] <xXSansXx20> como
[04:04:46] [Server thread/INFO]: [Not Secure] <xXSansXx20> aaa
[04:04:46] [Server thread/INFO]: [Not Secure] <coete10> nada
[04:04:48] [Server thread/INFO]: [Not Secure] <xXSansXx20> no creo
[04:04:49] [Server thread/INFO]: [Not Secure] <coete10> asi quedo hermosa
[04:05:00] [Server thread/INFO]: [Not Secure] <coete10> seria bueno un barandal
[04:05:05] [Server thread/INFO]: [Not Secure] <coete10> aunque no se como
[04:05:33] [Server thread/INFO]: [Not Secure] <xXSansXx20> asi?
[04:05:35] [Server thread/INFO]: [Not Secure] <coete10> pasa
[04:05:45] [Server thread/INFO]: [Not Secure] <xXSansXx20> no tengo mas jeje
[04:05:48] [Server thread/INFO]: [Not Secure] <coete10> w
[04:05:50] [Server thread/INFO]: [Not Secure] <coete10> si
[04:05:51] [Server thread/INFO]: [Not Secure] <xXSansXx20> espera
[04:05:52] [Server thread/INFO]: [Not Secure] <coete10> asi
[04:06:05] [Server thread/INFO]: [Not Secure] <coete10> osea
[04:06:26] [Server thread/INFO]: [Not Secure] <coete10> toca colocar escaleras y bloque normal para sostener eso
[04:06:40] [Server thread/INFO]: [Not Secure] <xXSansXx20> que?
[04:06:41] [Server thread/INFO]: [Not Secure] <xXSansXx20> XDD
[04:06:44] [Server thread/INFO]: [Not Secure] <coete10> pasa escalera
[04:07:24] [Server thread/INFO]: [Not Secure] <coete10> losa sera?
[04:09:29] [Server thread/INFO]: [Not Secure] <xXSansXx20> no es simetrico con el otro lado
[04:09:31] [Server thread/INFO]: [Not Secure] <coete10> afk
[04:13:55] [Server thread/INFO]: [Not Secure] <coete10> te dejo esto
[04:13:58] [Server thread/INFO]: [Not Secure] <coete10> shopi ahuya
[04:14:01] [Server thread/INFO]: [Not Secure] <xXSansXx20> putos negros
[04:14:03] [Server thread/INFO]: coete10 lost connection: Disconnected
[04:14:03] [Server thread/INFO]: coete10 left the game
[04:14:03] [Server thread/INFO]: [voicechat] Disconnecting client coete10
[04:44:48] [Server thread/WARN]: Can't keep up! Is the server overloaded? Running 2015ms or 40 ticks behind
[04:45:06] [Server thread/WARN]: Can't keep up! Is the server overloaded? Running 2414ms or 48 ticks behind
[05:01:52] [Netty Epoll Server IO #6/INFO]: [STDOUT]: {"pandalib:pandalib_config#debugging.0": false, "pandalib:pandalib_config#configHotReloadDelay.1": 1000, "pandalib:pandalib_config#enableConfigHotReload.2": false}
[05:01:52] [Netty Epoll Server IO #6/INFO]: [STDOUT]: {"fallingtrees:client#miningShould.0": CHOP_TREE, "fallingtrees:client#miningWhileCrouchingShould.1": MINE_SINGLE_BLOCK}
[05:01:53] [Server thread/INFO]: coete10[/127.125.150.221:49075] logged in with entity id 33679 at (180.15683019063582, 66.0, -392.39099418043975)
[05:01:53] [Server thread/INFO]: Sending server config values to client
[05:01:53] [Server thread/INFO]: Loading config from file...
[05:01:53] [Server thread/INFO]: coete10 joined the game
[05:01:53] [Server thread/INFO]: Sending item configs to client
[05:01:54] [Server thread/INFO]: Channel update: coete10 -> default
[05:01:54] [Server thread/INFO]: [voicechat] Received secret request of coete10 (20)
[05:01:54] [Server thread/INFO]: [voicechat] Sent secret to coete10
[05:01:54] [Server thread/INFO]: Receiving client config
[05:01:57] [VoiceChatPacketProcessingThread/INFO]: [voicechat] Successfully authenticated player 3a110192-6635-3833-abff-63264a24f741
[05:01:58] [VoiceChatPacketProcessingThread/INFO]: [voicechat] Successfully validated connection of player 3a110192-6635-3833-abff-63264a24f741
[05:01:58] [VoiceChatPacketProcessingThread/INFO]: [voicechat] Player coete10 (3a110192-6635-3833-abff-63264a24f741) successfully connected to voice chat
[05:06:16] [Server thread/WARN]: Can't keep up! Is the server overloaded? Running 2011ms or 40 ticks behind
[05:06:35] [Server thread/WARN]: Can't keep up! Is the server overloaded? Running 4040ms or 80 ticks behind
[05:06:52] [Server thread/WARN]: Can't keep up! Is the server overloaded? Running 2452ms or 49 ticks behind
[05:08:19] [Server thread/WARN]: Can't keep up! Is the server overloaded? Running 2011ms or 40 ticks behind
[05:13:21] [Server thread/WARN]: Can't keep up! Is the server overloaded? Running 2072ms or 41 ticks behind
[05:18:23] [Server thread/WARN]: Can't keep up! Is the server overloaded? Running 2012ms or 40 ticks behind
[05:20:19] [Server thread/WARN]: Can't keep up! Is the server overloaded? Running 2017ms or 40 ticks behind
[05:26:00] [Server thread/WARN]: Can't keep up! Is the server overloaded? Running 2008ms or 40 ticks behind
[05:26:18] [Server thread/WARN]: Can't keep up! Is the server overloaded? Running 2006ms or 40 ticks behind
[05:26:41] [Server thread/WARN]: Can't keep up! Is the server overloaded? Running 2003ms or 40 ticks behind
[05:27:20] [Server thread/WARN]: Can't keep up! Is the server overloaded? Running 2005ms or 40 ticks behind
[05:28:05] [Server thread/WARN]: Can't keep up! Is the server overloaded? Running 2025ms or 40 ticks behind
[05:28:38] [Server thread/WARN]: Can't keep up! Is the server overloaded? Running 2016ms or 40 ticks behind
[05:29:51] [Server thread/WARN]: Can't keep up! Is the server overloaded? Running 2028ms or 40 ticks behind
[05:31:09] [Server thread/INFO]: [coete10: Set own game mode to Spectator Mode]
[05:31:14] [Server thread/INFO]: [Not Secure] <coete10> ee
[05:31:15] [Server thread/INFO]: [Not Secure] <coete10> sans
[05:31:22] [Server thread/INFO]: [Not Secure] <coete10> apenas me di cuenta de esto
[05:31:26] [Server thread/INFO]: [Not Secure] <xXSansXx20> ilegalisimo
[05:31:34] [Server thread/INFO]: [xXSansXx20: Teleported xXSansXx20 to coete10]
[05:31:39] [Server thread/INFO]: [Not Secure] <coete10> estaba recogiendo lo de los cofres
[05:31:47] [Server thread/INFO]: [Not Secure] <coete10> y veo disque trampillas
[05:31:54] [Server thread/INFO]: [xXSansXx20: Set own game mode to Spectator Mode]
[05:31:55] [Server thread/INFO]: [Not Secure] <coete10> y arriba hay un hueco
[05:31:56] [Server thread/INFO]: [Not Secure] <coete10> lol
[05:32:10] [Server thread/INFO]: [Not Secure] <xXSansXx20> que re pingas
[05:32:13] [Server thread/INFO]: [xXSansXx20: Set own game mode to Creative Mode]
[05:33:26] [Server thread/INFO]: [coete10: Set own game mode to Creative Mode]
[05:33:47] [Server thread/INFO]: [Not Secure] <coete10> a que se habian muerto
[05:33:49] [Server thread/INFO]: [Not Secure] <coete10> no habia visto
[05:33:51] [Server thread/INFO]: [Not Secure] <coete10> XDDD
[05:37:44] [Server thread/INFO]: [Not Secure] <coete10> diria que
[05:37:58] [Server thread/INFO]: [Not Secure] <coete10> quitemos esto, no se como pero hay una probabilidad de que se suban ahi y desde ahi explitan
[05:38:00] [Server thread/INFO]: [Not Secure] <coete10> explotan
[05:38:22] [Server thread/INFO]: [Not Secure] <xXSansXx20> las losas?
[05:38:33] [Server thread/INFO]: [Not Secure] <coete10> eso
[05:38:39] [Server thread/INFO]: [Not Secure] <xXSansXx20> ahh
[05:38:43] [Server thread/INFO]: [Not Secure] <xXSansXx20> ta bien
[05:38:43] [Server thread/INFO]: [Not Secure] <coete10> asi no tienen manera de pasar
[05:39:59] [Server thread/INFO]: [xXSansXx20: Set own game mode to Survival Mode]
[05:40:25] [Server thread/INFO]: [coete10: Teleported coete10 to xXSansXx20]
[05:40:30] [Server thread/INFO]: [coete10: Set own game mode to Survival Mode]
[05:40:52] [Server thread/INFO]: [Not Secure] <coete10> .
[05:40:57] [Server thread/INFO]: [coete10: Teleported coete10 to xXSansXx20]
[05:40:57] [Server thread/INFO]: [xXSansXx20: Set own game mode to Creative Mode]
[05:41:05] [Server thread/INFO]: [coete10: Set own game mode to Creative Mode]
[05:41:13] [Server thread/INFO]: [Not Secure] <coete10> te dije que distancia
[05:41:16] [Server thread/INFO]: [Not Secure] <coete10> pero nooo
[05:41:55] [Server thread/INFO]: [xXSansXx20: Teleported xXSansXx20 to coete10]
[05:41:57] [Server thread/INFO]: [xXSansXx20: Set own game mode to Survival Mode]
[05:42:04] [Server thread/INFO]: [Not Secure] <coete10> .
[05:42:06] [Server thread/INFO]: [Not Secure] <coete10> .
[05:42:18] [Server thread/INFO]: [xXSansXx20: Set own game mode to Creative Mode]
[05:44:07] [Server thread/INFO]: [xXSansXx20: Set own game mode to Survival Mode]
[05:44:15] [Server thread/INFO]: [Not Secure] <xXSansXx20> ya
[05:46:00] [Server thread/WARN]: Can't keep up! Is the server overloaded? Running 2014ms or 40 ticks behind
[05:46:06] [Server thread/INFO]: [coete10: Teleported coete10 to xXSansXx20]
[05:46:20] [Server thread/WARN]: Can't keep up! Is the server overloaded? Running 4776ms or 95 ticks behind
[05:46:41] [Server thread/WARN]: Can't keep up! Is the server overloaded? Running 5419ms or 108 ticks behind
[05:46:43] [Server thread/INFO]: [coete10: Set own game mode to Survival Mode]
[05:46:51] [Server thread/INFO]: [Not Secure] <xXSansXx20> ilegalisimo
[05:46:58] [Server thread/WARN]: Can't keep up! Is the server overloaded? Running 2005ms or 40 ticks behind
[05:47:15] [Server thread/WARN]: Can't keep up! Is the server overloaded? Running 2425ms or 48 ticks behind
[05:47:34] [Server thread/WARN]: Can't keep up! Is the server overloaded? Running 2005ms or 40 ticks behind
[05:47:51] [Server thread/WARN]: Can't keep up! Is the server overloaded? Running 2081ms or 41 ticks behind
[05:48:12] [Server thread/WARN]: Can't keep up! Is the server overloaded? Running 2002ms or 40 ticks behind
[05:49:15] [Server thread/WARN]: Can't keep up! Is the server overloaded? Running 2002ms or 40 ticks behind
[05:49:36] [Server thread/WARN]: Can't keep up! Is the server overloaded? Running 2022ms or 40 ticks behind
[05:49:54] [Server thread/WARN]: Can't keep up! Is the server overloaded? Running 2364ms or 47 ticks behind
[05:59:10] [Server thread/WARN]: Can't keep up! Is the server overloaded? Running 2020ms or 40 ticks behind
[06:00:51] [Server thread/WARN]: Can't keep up! Is the server overloaded? Running 2001ms or 40 ticks behind
[06:01:22] [Server thread/WARN]: Can't keep up! Is the server overloaded? Running 2025ms or 40 ticks behind
[06:03:11] [Server thread/WARN]: Can't keep up! Is the server overloaded? Running 2002ms or 40 ticks behind
[06:04:19] [Server thread/WARN]: Can't keep up! Is the server overloaded? Running 2921ms or 58 ticks behind
[06:06:55] [Server thread/WARN]: Can't keep up! Is the server overloaded? Running 2004ms or 40 ticks behind
[06:07:17] [Server thread/WARN]: Can't keep up! Is the server overloaded? Running 2020ms or 40 ticks behind
[06:07:50] [Server thread/WARN]: Can't keep up! Is the server overloaded? Running 2003ms or 40 ticks behind
[06:08:16] [Server thread/WARN]: Can't keep up! Is the server overloaded? Running 2015ms or 40 ticks behind
[06:08:19] [Server thread/INFO]: [Not Secure] <coete10> sans
[06:08:34] [Server thread/INFO]: [Not Secure] <coete10> me ayudas a llevar un cargamento entero de polvora a la casa?
[06:08:40] [Server thread/INFO]: [Not Secure] <coete10> :D
[06:08:44] [Server thread/INFO]: [Not Secure] <xXSansXx20> voy
[06:08:46] [Server thread/INFO]: [xXSansXx20: Teleported xXSansXx20 to coete10]
[06:09:01] [Server thread/INFO]: [Not Secure] <coete10> el primero lo vacie
[06:09:02] [Server thread/INFO]: [Not Secure] <xXSansXx20> vale
[06:09:05] [Server thread/INFO]: [Not Secure] <coete10> estaba lleno al tope
[06:10:25] [Server thread/WARN]: Can't keep up! Is the server overloaded? Running 2020ms or 40 ticks behind
[06:11:02] [Server thread/WARN]: Can't keep up! Is the server overloaded? Running 2005ms or 40 ticks behind
[06:11:22] [Server thread/INFO]: [Not Secure] <coete10> mas cofres sans
[06:11:24] [Server thread/INFO]: [Not Secure] <coete10> :p
[06:11:25] [Server thread/INFO]: [Not Secure] <xXSansXx20> otro cofre?
[06:13:01] [Server thread/INFO]: [Not Secure] <coete10> y el generador de cobre pa cuando
[06:13:10] [Server thread/INFO]: [Not Secure] <xXSansXx20> y como se hace
[06:15:20] [Server thread/INFO]: [Not Secure] <coete10> no se
[06:15:21] [Server thread/INFO]: [Not Secure] <coete10> con cobre
[06:15:23] [Server thread/INFO]: [Not Secure] <coete10> ja ja
[06:15:41] [Server thread/INFO]: [Not Secure] <coete10> no se pero a este paso tendremos un poco de polvora y aun asi no podremos hacer balas por el cobre
[06:15:41] [Server thread/INFO]: [Not Secure] <coete10> XD
[06:16:16] [Server thread/INFO]: [xXSansXx20: Teleported xXSansXx20 to coete10]
[06:16:29] [Server thread/INFO]: [Not Secure] <xXSansXx20> verdad
[06:16:32] [Server thread/INFO]: [Not Secure] <xXSansXx20> bueno
[06:16:37] [Server thread/INFO]: [Not Secure] <xXSansXx20> entonces voy a minar
[06:19:37] [Server thread/WARN]: Can't keep up! Is the server overloaded? Running 2038ms or 40 ticks behind
[06:19:56] [Server thread/WARN]: Can't keep up! Is the server overloaded? Running 3800ms or 76 ticks behind
[06:20:16] [Server thread/WARN]: Can't keep up! Is the server overloaded? Running 4959ms or 99 ticks behind
[06:20:34] [Server thread/WARN]: Can't keep up! Is the server overloaded? Running 3444ms or 68 ticks behind
[06:20:51] [Server thread/WARN]: Can't keep up! Is the server overloaded? Running 2033ms or 40 ticks behind
[06:21:21] [Server thread/WARN]: Can't keep up! Is the server overloaded? Running 2012ms or 40 ticks behind
[06:21:40] [Server thread/WARN]: Can't keep up! Is the server overloaded? Running 3791ms or 75 ticks behind
[06:21:58] [Server thread/WARN]: Can't keep up! Is the server overloaded? Running 3071ms or 61 ticks behind
[06:22:15] [Server thread/WARN]: Can't keep up! Is the server overloaded? Running 2745ms or 54 ticks behind
[06:22:33] [Server thread/WARN]: Can't keep up! Is the server overloaded? Running 2757ms or 55 ticks behind
[06:23:02] [Server thread/WARN]: Can't keep up! Is the server overloaded? Running 2003ms or 40 ticks behind
[06:23:19] [Server thread/WARN]: Can't keep up! Is the server overloaded? Running 2623ms or 52 ticks behind
[06:23:38] [Server thread/WARN]: Can't keep up! Is the server overloaded? Running 3206ms or 64 ticks behind
[06:23:55] [Server thread/WARN]: Can't keep up! Is the server overloaded? Running 2612ms or 52 ticks behind
[06:24:12] [Server thread/WARN]: Can't keep up! Is the server overloaded? Running 2172ms or 43 ticks behind
[06:24:35] [Server thread/WARN]: Can't keep up! Is the server overloaded? Running 2061ms or 41 ticks behind
[06:24:53] [Server thread/WARN]: Can't keep up! Is the server overloaded? Running 2007ms or 40 ticks behind
[06:25:14] [Server thread/WARN]: Can't keep up! Is the server overloaded? Running 6108ms or 122 ticks behind
[06:25:35] [Server thread/WARN]: Can't keep up! Is the server overloaded? Running 6820ms or 136 ticks behind
[06:25:53] [Server thread/WARN]: Can't keep up! Is the server overloaded? Running 2969ms or 59 ticks behind
[06:26:12] [Server thread/WARN]: Can't keep up! Is the server overloaded? Running 3205ms or 64 ticks behind
[06:26:30] [Server thread/WARN]: Can't keep up! Is the server overloaded? Running 3104ms or 62 ticks behind
[06:26:49] [Server thread/WARN]: Can't keep up! Is the server overloaded? Running 4185ms or 83 ticks behind
[06:27:11] [Server thread/WARN]: Can't keep up! Is the server overloaded? Running 6960ms or 139 ticks behind
[06:27:31] [Server thread/WARN]: Can't keep up! Is the server overloaded? Running 5564ms or 111 ticks behind
[06:27:53] [Server thread/WARN]: Can't keep up! Is the server overloaded? Running 6295ms or 125 ticks behind
[06:28:12] [Server thread/WARN]: Can't keep up! Is the server overloaded? Running 4179ms or 83 ticks behind
[06:28:21] [Server thread/INFO]: Named entity GuardEntity['Cliff'/65050, l='ServerLevel[world]', x=-831.70, y=181.63, z=-2.30] died: Cliff froze to death
[06:28:32] [Server thread/WARN]: Can't keep up! Is the server overloaded? Running 4836ms or 96 ticks behind
[06:28:51] [Server thread/WARN]: Can't keep up! Is the server overloaded? Running 4654ms or 93 ticks behind
[06:29:11] [Server thread/WARN]: Can't keep up! Is the server overloaded? Running 4644ms or 92 ticks behind
[06:29:31] [Server thread/WARN]: Can't keep up! Is the server overloaded? Running 5472ms or 109 ticks behind
[06:29:52] [Server thread/WARN]: Can't keep up! Is the server overloaded? Running 6096ms or 121 ticks behind
[06:30:13] [Server thread/WARN]: Can't keep up! Is the server overloaded? Running 5401ms or 108 ticks behind
[06:30:32] [Server thread/WARN]: Can't keep up! Is the server overloaded? Running 4325ms or 86 ticks behind
[06:30:52] [Server thread/WARN]: Can't keep up! Is the server overloaded? Running 5384ms or 107 ticks behind
[06:31:07] [Server thread/WARN]: Mismatching item in slot 4
[06:31:07] [Server thread/WARN]: Mismatching item in slot 4
[06:31:10] [Server thread/WARN]: Mismatching item in slot 4
[06:31:10] [Server thread/WARN]: Mismatching item in slot 4
[06:31:13] [Server thread/WARN]: Can't keep up! Is the server overloaded? Running 5343ms or 106 ticks behind
[06:31:33] [Server thread/WARN]: Can't keep up! Is the server overloaded? Running 4978ms or 99 ticks behind
[06:31:45] [Server thread/WARN]: Mismatching item in slot 5
[06:31:45] [Server thread/WARN]: Mismatching item in slot 5
[06:31:52] [Server thread/WARN]: Mismatching item in slot 5
[06:31:52] [Server thread/WARN]: Mismatching item in slot 5
[06:31:52] [Server thread/WARN]: Can't keep up! Is the server overloaded? Running 4871ms or 97 ticks behind
[06:31:54] [Server thread/WARN]: Mismatching item in slot 4
[06:31:54] [Server thread/WARN]: Mismatching item in slot 4
[06:32:13] [Server thread/WARN]: Can't keep up! Is the server overloaded? Running 5406ms or 108 ticks behind
[06:32:31] [Server thread/WARN]: Can't keep up! Is the server overloaded? Running 2718ms or 54 ticks behind
[06:32:50] [Server thread/WARN]: Can't keep up! Is the server overloaded? Running 4586ms or 91 ticks behind
[06:33:09] [Server thread/WARN]: Can't keep up! Is the server overloaded? Running 3631ms or 72 ticks behind
[06:33:28] [Server thread/WARN]: Can't keep up! Is the server overloaded? Running 4229ms or 84 ticks behind
[06:33:45] [Server thread/WARN]: Can't keep up! Is the server overloaded? Running 2437ms or 48 ticks behind
[06:34:15] [Server thread/WARN]: Can't keep up! Is the server overloaded? Running 2010ms or 40 ticks behind
[06:34:33] [Server thread/WARN]: Can't keep up! Is the server overloaded? Running 2771ms or 55 ticks behind
[06:34:51] [Server thread/WARN]: Can't keep up! Is the server overloaded? Running 2003ms or 40 ticks behind
[06:35:09] [Server thread/WARN]: Can't keep up! Is the server overloaded? Running 2534ms or 50 ticks behind
[06:35:29] [Server thread/WARN]: Can't keep up! Is the server overloaded? Running 2007ms or 40 ticks behind
[06:35:45] [Server thread/INFO]: Named entity GuardEntity['Amee'/66051, l='ServerLevel[world]', x=-831.70, y=181.00, z=-2.70] died: Amee froze to death
[06:35:51] [Server thread/WARN]: Can't keep up! Is the server overloaded? Running 2003ms or 40 ticks behind
[06:36:08] [Server thread/WARN]: Can't keep up! Is the server overloaded? Running 2245ms or 44 ticks behind
[06:36:34] [Server thread/WARN]: Can't keep up! Is the server overloaded? Running 2106ms or 42 ticks behind
[06:36:42] [Server thread/INFO]: Named entity GuardEntity['Cliff'/64588, l='ServerLevel[world]', x=-829.30, y=179.00, z=-0.47] died: Cliff froze to death
[06:36:55] [Server thread/WARN]: Can't keep up! Is the server overloaded? Running 2002ms or 40 ticks behind
[06:37:14] [Server thread/WARN]: Can't keep up! Is the server overloaded? Running 2007ms or 40 ticks behind
[06:37:39] [Server thread/WARN]: Can't keep up! Is the server overloaded? Running 2004ms or 40 ticks behind
[06:37:58] [Server thread/WARN]: Can't keep up! Is the server overloaded? Running 3272ms or 65 ticks behind
[06:38:25] [Server thread/WARN]: Can't keep up! Is the server overloaded? Running 2005ms or 40 ticks behind
[06:38:46] [Server thread/WARN]: Can't keep up! Is the server overloaded? Running 2011ms or 40 ticks behind
[06:39:36] [Server thread/WARN]: Can't keep up! Is the server overloaded? Running 2006ms or 40 ticks behind
[06:39:56] [Server thread/WARN]: Can't keep up! Is the server overloaded? Running 2007ms or 40 ticks behind
[06:40:13] [Server thread/WARN]: Can't keep up! Is the server overloaded? Running 2001ms or 40 ticks behind
[06:40:31] [Server thread/WARN]: Can't keep up! Is the server overloaded? Running 2176ms or 43 ticks behind
[06:40:55] [Server thread/WARN]: Can't keep up! Is the server overloaded? Running 2017ms or 40 ticks behind
[06:41:48] [Server thread/WARN]: Can't keep up! Is the server overloaded? Running 2003ms or 40 ticks behind
[06:42:36] [Server thread/WARN]: Can't keep up! Is the server overloaded? Running 2008ms or 40 ticks behind
[06:42:53] [Server thread/WARN]: Can't keep up! Is the server overloaded? Running 2114ms or 42 ticks behind
[06:43:11] [Server thread/WARN]: Can't keep up! Is the server overloaded? Running 2900ms or 58 ticks behind
[06:43:30] [Server thread/WARN]: Can't keep up! Is the server overloaded? Running 4003ms or 80 ticks behind
[06:43:47] [Server thread/WARN]: Can't keep up! Is the server overloaded? Running 2675ms or 53 ticks behind
[06:44:04] [Server thread/WARN]: Can't keep up! Is the server overloaded? Running 2084ms or 41 ticks behind
[06:44:21] [Server thread/WARN]: Can't keep up! Is the server overloaded? Running 2059ms or 41 ticks behind
[06:44:44] [Server thread/WARN]: Can't keep up! Is the server overloaded? Running 2002ms or 40 ticks behind
[06:45:07] [Server thread/WARN]: Can't keep up! Is the server overloaded? Running 2014ms or 40 ticks behind
[06:45:25] [Server thread/WARN]: Can't keep up! Is the server overloaded? Running 3456ms or 69 ticks behind
[06:45:43] [Server thread/WARN]: Can't keep up! Is the server overloaded? Running 2930ms or 58 ticks behind
[06:45:44] [Server thread/INFO]: coete10 lost connection: Disconnected
[06:45:44] [Server thread/INFO]: coete10 left the game
[06:45:44] [Server thread/INFO]: [voicechat] Disconnecting client coete10
[06:46:17] [Server thread/INFO]: Named entity GuardEntity['Amee'/69953, l='ServerLevel[world]', x=-822.50, y=179.00, z=-17.30] died: Amee froze to death
[06:46:55] [Server thread/INFO]: Villager class_1646['Amee'/66045, l='ServerLevel[world]', x=-829.30, y=179.00, z=-0.30] died, message: 'Amee froze to death'
[06:46:55] [Server thread/INFO]: Named entity class_1646['Amee'/66045, l='ServerLevel[world]', x=-829.30, y=179.00, z=-0.30] died: Amee froze to death
[06:47:05] [Server thread/INFO]: Named entity GuardEntity['Cary'/66028, l='ServerLevel[world]', x=-829.30, y=179.00, z=-0.81] died: Cary froze to death
[07:17:04] [Server thread/ERROR]: Block/Light update reentrance detected, use -Dc2me.debugBlockLightUpdateReentrance=true to debug
java.lang.Throwable: null
	at knot/com.ishland.c2me.rewrites.chunksystem.common.NewChunkHolderVanillaInterface.onBlockLightUpdateReentrance(NewChunkHolderVanillaInterface.java:285) ~[c2me-rewrites-chunk-system-0.3.0.362+1.21.1-5e6e9147fd0278d1.jar:?]
	at knot/com.ishland.c2me.rewrites.chunksystem.common.NewChunkHolderVanillaInterface.method_14002(NewChunkHolderVanillaInterface.java:299) ~[c2me-rewrites-chunk-system-0.3.0.362+1.21.1-5e6e9147fd0278d1.jar:?]
	at knot/net.minecraft.class_3215.method_14128(class_3215.java:424) ~[server-intermediary.jar:?]
	at knot/net.blay09.mods.balm.common.BalmBlockEntity.sync(BalmBlockEntity.java:172) ~[balm-fabric-1.21.1-21.0.56.jar:?]
	at knot/net.blay09.mods.waystones.block.entity.WaystoneBlockEntityBase.getWaystone(WaystoneBlockEntityBase.java:190) ~[waystones-fabric-1.21.1-21.1.25.jar:?]
	at knot/net.blay09.mods.waystones.block.entity.WaystoneBlockEntityBase.writeUpdateTag(WaystoneBlockEntityBase.java:140) ~[waystones-fabric-1.21.1-21.1.25.jar:?]
	at knot/net.blay09.mods.balm.common.BalmBlockEntity.createUpdateTag(BalmBlockEntity.java:183) ~[balm-fabric-1.21.1-21.0.56.jar:?]
	at knot/net.blay09.mods.balm.common.BalmBlockEntity.lambda$createUpdatePacket$0(BalmBlockEntity.java:177) ~[balm-fabric-1.21.1-21.0.56.jar:?]
	at knot/net.minecraft.class_2622.method_39026(class_2622.java:31) ~[server-intermediary.jar:?]
	at knot/net.blay09.mods.balm.common.BalmBlockEntity.createUpdatePacket(BalmBlockEntity.java:177) ~[balm-fabric-1.21.1-21.0.56.jar:?]
	at knot/net.blay09.mods.balm.common.BalmBlockEntity.method_38235(BalmBlockEntity.java:51) ~[balm-fabric-1.21.1-21.0.56.jar:?]
	at knot/net.minecraft.class_3193.method_14009(class_3193.java:242) ~[server-intermediary.jar:?]
	at knot/net.minecraft.class_3193.method_30311(class_3193.java:235) ~[server-intermediary.jar:?]
	at knot/net.minecraft.class_3193.method_30312(class_3193.java:227) ~[server-intermediary.jar:?]
	at knot/net.minecraft.class_2637.method_30621(class_2637.java:76) ~[server-intermediary.jar:?]
	at knot/net.minecraft.class_3193.method_14006(class_3193.java:227) ~[server-intermediary.jar:?]
	at knot/com.ishland.c2me.rewrites.chunksystem.common.NewChunkHolderVanillaInterface.method_14006(NewChunkHolderVanillaInterface.java:323) ~[c2me-rewrites-chunk-system-0.3.0.362+1.21.1-5e6e9147fd0278d1.jar:?]
	at knot/net.minecraft.class_3215.redirect$efb000$servercore$broadcastChanges(class_3215.java:1099) ~[server-intermediary.jar:?]
	at knot/net.minecraft.class_3215.method_14161(class_3215.java:377) ~[server-intermediary.jar:?]
	at knot/net.minecraft.class_3215.method_12127(class_3215.java:310) ~[server-intermediary.jar:?]
	at knot/net.minecraft.class_3218.method_18765(class_3218.java:350) ~[server-intermediary.jar:?]
	at knot/net.minecraft.server.MinecraftServer.method_3813(MinecraftServer.java:1021) ~[server-intermediary.jar:?]
	at knot/net.minecraft.class_3176.method_3813(class_3176.java:299) ~[server-intermediary.jar:?]
	at knot/net.minecraft.server.MinecraftServer.method_3748(MinecraftServer.java:912) ~[server-intermediary.jar:?]
	at knot/net.minecraft.server.MinecraftServer.method_29741(MinecraftServer.java:697) ~[server-intermediary.jar:?]
	at knot/net.minecraft.server.MinecraftServer.method_29739(MinecraftServer.java:281) ~[server-intermediary.jar:?]
	at java.base/java.lang.Thread.run(Thread.java:1583) [?:?]
[07:17:04] [Server thread/ERROR]: Block/Light update reentrance detected, use -Dc2me.debugBlockLightUpdateReentrance=true to debug
java.lang.Throwable: null
	at knot/com.ishland.c2me.rewrites.chunksystem.common.NewChunkHolderVanillaInterface.onBlockLightUpdateReentrance(NewChunkHolderVanillaInterface.java:285) ~[c2me-rewrites-chunk-system-0.3.0.362+1.21.1-5e6e9147fd0278d1.jar:?]
	at knot/com.ishland.c2me.rewrites.chunksystem.common.NewChunkHolderVanillaInterface.method_14002(NewChunkHolderVanillaInterface.java:299) ~[c2me-rewrites-chunk-system-0.3.0.362+1.21.1-5e6e9147fd0278d1.jar:?]
	at knot/net.minecraft.class_3215.method_14128(class_3215.java:424) ~[server-intermediary.jar:?]
	at knot/net.blay09.mods.balm.common.BalmBlockEntity.sync(BalmBlockEntity.java:172) ~[balm-fabric-1.21.1-21.0.56.jar:?]
	at knot/net.blay09.mods.waystones.block.entity.WaystoneBlockEntityBase.getWaystone(WaystoneBlockEntityBase.java:190) ~[waystones-fabric-1.21.1-21.1.25.jar:?]
	at knot/net.blay09.mods.waystones.block.entity.WaystoneBlockEntityBase.writeUpdateTag(WaystoneBlockEntityBase.java:140) ~[waystones-fabric-1.21.1-21.1.25.jar:?]
	at knot/net.blay09.mods.balm.common.BalmBlockEntity.createUpdateTag(BalmBlockEntity.java:183) ~[balm-fabric-1.21.1-21.0.56.jar:?]
	at knot/net.blay09.mods.balm.common.BalmBlockEntity.lambda$createUpdatePacket$0(BalmBlockEntity.java:177) ~[balm-fabric-1.21.1-21.0.56.jar:?]
	at knot/net.minecraft.class_2622.method_39026(class_2622.java:31) ~[server-intermediary.jar:?]
	at knot/net.blay09.mods.balm.common.BalmBlockEntity.createUpdatePacket(BalmBlockEntity.java:177) ~[balm-fabric-1.21.1-21.0.56.jar:?]
	at knot/net.blay09.mods.balm.common.BalmBlockEntity.method_38235(BalmBlockEntity.java:51) ~[balm-fabric-1.21.1-21.0.56.jar:?]
	at knot/net.minecraft.class_3193.method_14009(class_3193.java:242) ~[server-intermediary.jar:?]
	at knot/net.minecraft.class_3193.method_30311(class_3193.java:235) ~[server-intermediary.jar:?]
	at knot/net.minecraft.class_3193.method_30312(class_3193.java:227) ~[server-intermediary.jar:?]
	at knot/net.minecraft.class_2637.method_30621(class_2637.java:76) ~[server-intermediary.jar:?]
	at knot/net.minecraft.class_3193.method_14006(class_3193.java:227) ~[server-intermediary.jar:?]
	at knot/com.ishland.c2me.rewrites.chunksystem.common.NewChunkHolderVanillaInterface.method_14006(NewChunkHolderVanillaInterface.java:323) ~[c2me-rewrites-chunk-system-0.3.0.362+1.21.1-5e6e9147fd0278d1.jar:?]
	at knot/net.minecraft.class_3215.redirect$efb000$servercore$broadcastChanges(class_3215.java:1099) ~[server-intermediary.jar:?]
	at knot/net.minecraft.class_3215.method_14161(class_3215.java:377) ~[server-intermediary.jar:?]
	at knot/net.minecraft.class_3215.method_12127(class_3215.java:310) ~[server-intermediary.jar:?]
	at knot/net.minecraft.class_3218.method_18765(class_3218.java:350) ~[server-intermediary.jar:?]
	at knot/net.minecraft.server.MinecraftServer.method_3813(MinecraftServer.java:1021) ~[server-intermediary.jar:?]
	at knot/net.minecraft.class_3176.method_3813(class_3176.java:299) ~[server-intermediary.jar:?]
	at knot/net.minecraft.server.MinecraftServer.method_3748(MinecraftServer.java:912) ~[server-intermediary.jar:?]
	at knot/net.minecraft.server.MinecraftServer.method_29741(MinecraftServer.java:697) ~[server-intermediary.jar:?]
	at knot/net.minecraft.server.MinecraftServer.method_29739(MinecraftServer.java:281) ~[server-intermediary.jar:?]
	at java.base/java.lang.Thread.run(Thread.java:1583) [?:?]
[07:38:40] [Server thread/INFO]: xXSansXx20 lost connection: Disconnected
[07:38:40] [Server thread/INFO]: xXSansXx20 left the game
[07:38:40] [Server thread/INFO]: [voicechat] Disconnecting client xXSansXx20
[07:38:44] [Server thread/INFO]: Stopping the server
[07:38:44] [C2ME Storage #17/INFO]: Storage thread Thread[#121,C2ME Storage #17,5,main] stopped
[07:38:44] [C2ME Storage #16/INFO]: Storage thread Thread[#120,C2ME Storage #16,5,main] stopped
[07:38:44] [C2ME Storage #18/INFO]: Storage thread Thread[#122,C2ME Storage #18,5,main] stopped
[07:38:44] [Server thread/INFO]: Stopping server
[07:38:44] [Server thread/INFO]: Saving players
[07:38:44] [Server thread/INFO]: Saving worlds
[07:38:44] [Server thread/INFO]: ServerLevel[world]/minecraft:overworld: waiting for 841 chunks to unload
[07:38:44] [Server thread/INFO]: Saving chunks for level 'ServerLevel[world]'/minecraft:overworld
[07:38:44] [Server thread/INFO]: Saving chunks for level 'ServerLevel[world]'/deeperdarker:otherside
[07:38:44] [Server thread/INFO]: Saving chunks for level 'ServerLevel[world]'/minecraft:the_nether
[07:38:44] [Server thread/INFO]: Saving chunks for level 'ServerLevel[world]'/minecraft:the_end
[07:38:44] [Server thread/INFO]: ThreadedAnvilChunkStorage (worldBackup): All chunks are saved
[07:38:44] [Server thread/INFO]: ThreadedAnvilChunkStorage (otherside): All chunks are saved
[07:38:44] [Server thread/INFO]: ThreadedAnvilChunkStorage (DIM-1): All chunks are saved
[07:38:44] [Server thread/INFO]: ThreadedAnvilChunkStorage (DIM1): All chunks are saved
[07:38:44] [Server thread/INFO]: ThreadedAnvilChunkStorage: All dimensions are saved
[07:38:44] [C2ME Storage #3/INFO]: Storage thread Thread[#94,C2ME Storage #3,5,main] stopped
[07:38:44] [C2ME Storage #2/INFO]: Storage thread Thread[#93,C2ME Storage #2,5,main] stopped
[07:38:44] [C2ME Storage #1/INFO]: Storage thread Thread[#92,C2ME Storage #1,5,main] stopped
[07:38:44] [C2ME Storage #6/INFO]: Storage thread Thread[#97,C2ME Storage #6,5,main] stopped
[07:38:44] [C2ME Storage #5/INFO]: Storage thread Thread[#96,C2ME Storage #5,5,main] stopped
[07:38:44] [C2ME Storage #4/INFO]: Storage thread Thread[#95,C2ME Storage #4,5,main] stopped
[07:38:44] [C2ME Storage #9/INFO]: Storage thread Thread[#100,C2ME Storage #9,5,main] stopped
[07:38:44] [C2ME Storage #8/INFO]: Storage thread Thread[#99,C2ME Storage #8,5,main] stopped
[07:38:44] [C2ME Storage #7/INFO]: Storage thread Thread[#98,C2ME Storage #7,5,main] stopped
[07:38:44] [C2ME Storage #12/INFO]: Storage thread Thread[#103,C2ME Storage #12,5,main] stopped
[07:38:44] [C2ME Storage #11/INFO]: Storage thread Thread[#102,C2ME Storage #11,5,main] stopped
[07:38:44] [C2ME Storage #10/INFO]: Storage thread Thread[#101,C2ME Storage #10,5,main] stopped
[07:38:44] [Server thread/INFO]: Unloading server configs...
[07:38:44] [Server thread/INFO]: Sending config unload event for refurbished_furniture.server.toml
[07:38:44] [Server thread/INFO]: Finished unloading server configs
[07:38:44] [Server thread/INFO]: Dispatching unloading event for config easyanvils-server.toml
[07:38:44] [Server thread/INFO]: Dispatching unloading event for config easymagic-server.toml
[07:38:44] [Server thread/INFO]: Dispatching unloading event for config iteminteractions-server.toml
[07:38:44] [Server thread/INFO]: Dispatching unloading event for config pickupnotifier/pickupnotifier-server.toml
